日期,股票代码,股票名,开盘,收盘,最高,最低,成交量,成交额,振幅,涨跌幅,涨跌额,换手率
2025-05-16,873169,七丰精工,35.6,38.2,42.22,35.0,178979,699414140.52,19.35,2.39,0.89,35.22
2025-05-16,430425,乐创技术,36.5,35.24,37.61,35.03,60613,220120942.31,6.89,-5.9,-2.21,14.33
2025-05-16,301311,昆船智能,19.21,18.93,19.45,18.86,117222,223599999.68,3.06,-1.71,-0.33,13.44
2025-05-16,300946,恒而达,73.0,80.0,86.0,72.21,129189,1022100438.0,19.16,11.14,8.02,22.86
2025-05-16,302132,中航成飞,86.0,86.08,89.65,85.5,496981,4332895826.28,4.77,-1.11,-0.97,8.41
2025-05-16,300607,拓斯达,37.5,37.8,41.88,37.5,1075957,4283400414.06,11.27,-2.75,-1.07,31.86
2025-05-16,300581,晨曦航空,15.78,16.3,16.98,15.66,1065142,1749590560.53,7.76,-4.12,-0.7,19.36
2025-05-16,688552,航天南湖,36.2,35.9,37.2,35.3,224061,813799878.0,5.33,0.67,0.24,26.68
2025-05-16,688648,中邮科技,34.2,36.0,38.18,33.71,106363,386997845.0,13.26,6.82,2.3,16.08
2025-05-16,301302,华如科技,25.34,24.97,26.11,24.8,141488,358381045.81,5.11,-2.65,-0.68,16.8
2025-05-16,301662,宏工科技,65.37,69.13,71.68,65.0,60331,417022183.1,9.92,2.61,1.76,38.24
2025-05-16,871263,莱赛激光,23.14,22.64,23.65,22.42,58793,135445976.71,5.32,-2.08,-0.48,13.6
2025-05-16,833943,优机股份,24.36,23.82,24.95,23.74,42272,102536717.84,4.97,-2.14,-0.52,10.26
2025-05-16,300643,万通智控,19.53,20.16,20.6,19.38,181758,365381459.95,6.24,3.17,0.62,7.9
2025-05-16,688511,*ST天微,17.03,16.55,17.5,16.53,26254,44522919.0,5.62,-4.17,-0.72,2.55
2025-05-16,300949,奥雅股份,35.76,34.88,36.15,34.6,26516,93326709.65,4.27,-3.83,-1.39,7.73
2025-05-16,300726,宏达电子,35.82,35.19,36.34,35.17,99502,355744703.4,3.25,-2.25,-0.81,4.67
2025-05-16,688115,思林杰,41.96,43.87,44.05,41.58,17797,76919211.0,5.89,4.58,1.92,4.22
2025-05-16,833454,同心传动,17.34,17.61,18.29,17.15,65278,116380936.58,6.59,1.79,0.31,10.33
2025-05-16,300652,雷迪克,83.0,84.62,87.63,81.54,63470,539833489.84,7.22,0.33,0.28,6.89
2025-05-16,871753,天纺标,29.39,29.45,29.6,28.86,13186,38676204.7,2.53,0.65,0.19,4.19
2025-05-16,300587,天铁科技,5.62,5.42,5.62,5.39,416407,227873922.06,4.12,-2.87,-0.16,4.07
2025-05-16,301251,威尔高,34.35,34.56,35.0,34.14,41132,142743946.0,2.49,0.0,0.0,7.63
2025-05-16,688165,埃夫特-U,27.3,27.71,28.78,27.11,261369,737507332.0,6.09,1.13,0.31,5.01
2025-05-16,301325,曼恩斯特,55.89,57.5,59.49,55.82,59109,340663855.59,6.56,2.79,1.56,10.21
2025-05-16,688081,兴图新科,22.33,22.05,22.91,21.84,41217,91752707.0,4.74,-2.26,-0.51,4.0
2025-05-16,833171,国航远洋,13.0,12.91,13.9,12.25,962483,1244352866.38,12.29,-3.87,-0.52,33.54
2025-05-16,300866,安克创新,96.53,99.27,99.98,96.18,75591,746939853.78,3.9,1.84,1.79,2.55
2025-05-16,300609,汇纳科技,28.7,29.37,30.26,27.97,125049,366927764.85,8.07,3.45,0.98,10.43
2025-05-16,300328,宜安科技,10.98,12.79,13.42,10.86,1802324,2273109645.45,22.9,14.4,1.61,26.26
2025-05-16,301048,金鹰重工,10.08,10.02,10.13,9.99,81364,81711942.16,1.39,-0.6,-0.06,1.53
2025-05-16,300377,赢时胜,24.95,24.19,24.96,24.12,545002,1329542496.27,3.37,-3.05,-0.76,8.15
2025-05-16,688433,华曙高科,36.92,38.62,39.0,36.49,53022,203134173.0,6.72,3.43,1.28,2.62
2025-05-16,688297,中无人机,44.39,44.03,45.18,43.9,101087,448205988.0,2.88,-0.81,-0.36,3.72
2025-05-16,838670,恒进感应,19.5,20.55,21.49,19.39,73737,151705694.62,10.62,3.95,0.78,11.17
2025-05-16,300923,研奥股份,24.36,24.33,24.63,24.18,29431,71797426.0,1.84,-0.53,-0.13,3.85
2025-05-16,301040,中环海陆,24.04,24.25,24.66,24.01,42074,102282011.3,2.67,-0.25,-0.06,4.46
2025-05-16,301255,通力科技,45.42,46.51,47.47,45.26,49800,232361002.0,4.85,2.04,0.93,18.31
2025-05-16,301225,恒勃股份,60.78,60.38,61.97,59.05,59771,361766044.0,4.78,-1.18,-0.72,19.8
2025-05-16,300907,康平科技,26.52,26.45,26.86,26.2,39865,105782073.0,2.48,-0.75,-0.2,4.15
2025-05-16,688228,开普云,63.57,63.36,66.98,63.0,26331,168788168.0,6.22,-1.0,-0.64,3.9
2025-05-16,301381,赛维时代,21.9,21.57,22.22,21.57,108927,237795500.63,2.9,-3.62,-0.81,5.66
2025-05-16,688598,金博股份,26.27,26.09,26.96,26.0,42950,114108621.0,3.64,-1.14,-0.3,2.1
2025-05-16,002471,中超控股,3.62,3.95,3.95,3.62,1640078,636901456.1,9.19,10.03,0.36,12.57
2025-05-16,605055,迎丰股份,9.25,8.88,10.21,8.38,620626,564542904.0,19.66,-4.62,-0.43,14.11
2025-05-16,603291,联合水务,12.11,12.55,12.97,12.11,122412,153638825.0,7.01,2.37,0.29,9.42
2025-05-16,603028,赛福天,7.31,7.42,7.66,7.23,309923,231816768.0,5.81,0.27,0.02,10.8
2025-05-16,603332,苏州龙杰,15.16,14.69,16.5,14.41,609098,942246193.0,13.23,-7.03,-1.11,28.15
2025-05-16,603906,龙蟠科技,11.36,11.21,11.75,11.21,268193,307082299.0,4.71,-2.27,-0.26,4.75
2025-05-16,002547,春兴精工,4.65,5.25,5.25,4.58,1853536,936461125.53,14.05,10.06,0.48,16.78
2025-05-16,002860,星帅尔,12.95,14.21,14.43,12.95,687138,964407399.34,11.28,8.31,1.09,19.65
2025-05-16,002809,红墙股份,15.73,18.39,18.39,15.7,685736,1200152688.82,16.09,9.99,1.67,49.79
2025-05-16,603595,东尼电子,17.86,18.04,18.35,17.81,62822,113834323.0,3.02,1.01,0.18,2.7
2025-05-16,002413,雷科防务,5.0,5.03,5.14,4.96,857269,433449135.77,3.63,1.41,0.07,6.92
2025-05-16,603286,日盈电子,34.37,38.18,38.18,34.14,158285,589452927.0,11.64,10.0,3.47,13.85
2025-05-16,600184,光电股份,14.07,14.01,14.4,13.95,152264,214933540.0,3.16,-1.55,-0.22,2.99
2025-05-16,603712,七一二,20.34,20.25,20.8,20.21,155550,317635012.0,2.89,-0.83,-0.17,2.01
2025-05-16,000678,襄阳轴承,17.08,18.16,19.2,16.83,1332253,2429274618.95,13.14,0.67,0.12,28.99
2025-05-16,002190,成飞集成,35.52,35.89,35.89,34.6,439265,1562649637.82,3.95,9.99,3.26,12.25
2025-05-16,002977,天箭科技,42.28,42.65,44.0,41.08,181647,782539653.77,6.97,1.79,0.75,27.27
2025-05-16,603579,荣泰健康,25.63,26.7,27.25,25.63,110936,296382214.0,6.23,2.69,0.7,6.25
2025-05-16,002347,泰尔股份,7.15,7.17,7.26,7.07,343996,247246101.06,2.68,1.13,0.08,6.97
2025-05-16,603267,鸿远电子,49.53,48.28,50.0,47.3,108727,523781017.0,5.39,-3.54,-1.77,4.71
2025-05-16,000997,新 大 陆,29.85,29.89,30.28,29.71,183106,548063793.24,1.91,0.03,0.01,1.78
2025-05-16,603338,浙江鼎力,47.47,47.53,48.06,47.21,56264,267975544.0,1.79,-0.02,-0.01,1.11
2025-05-16,002779,中坚科技,115.0,124.2,129.48,114.28,101166,1235088079.51,12.91,5.51,6.49,8.54
2025-05-16,002551,尚荣医疗,3.9,3.81,4.1,3.8,1701991,660604377.29,7.11,-9.72,-0.41,27.86
2025-05-16,002290,禾盛新材,32.0,32.13,32.4,31.6,41965,134549136.5,2.49,-0.03,-0.01,1.7
2025-05-16,603416,信捷电气,63.1,65.42,67.15,62.64,62903,409295850.0,7.24,5.09,3.17,4.51
2025-05-16,002981,朝阳科技,24.73,25.45,25.69,24.73,90378,228333213.45,3.8,0.67,0.17,7.57
2025-05-16,600562,国睿科技,24.23,25.21,25.68,24.23,330186,831641054.0,5.98,4.04,0.98,2.68
2025-05-16,002735,王子新材,12.61,12.61,12.61,12.61,153922,194095011.5,0.0,10.03,1.15,5.49
2025-05-16,002931,锋龙股份,15.83,15.91,16.07,15.78,49540,78815757.24,1.81,-0.62,-0.1,2.47
2025-05-16,603600,永艺股份,10.66,10.72,10.85,10.5,121799,130217587.0,3.28,0.56,0.06,4.05
2025-05-16,002364,中恒电气,15.02,15.44,15.68,14.86,321369,494085656.46,5.2,-2.09,-0.33,5.76
2025-05-16,600281,华阳新材,4.51,5.05,5.05,4.48,908097,447615446.0,12.42,10.02,0.46,17.65
2025-05-16,603657,春光科技,22.66,23.19,23.91,22.0,202806,465073715.0,7.94,-3.58,-0.86,15.0
2025-05-16,002514,宝馨科技,5.96,6.3,6.55,5.94,706352,446387161.4,10.07,3.96,0.24,12.75
2025-05-16,002892,科力尔,17.25,17.97,18.4,17.25,562275,1010729321.95,6.56,2.45,0.43,14.18
2025-05-16,001356,富岭股份,15.42,15.56,15.77,15.25,156492,243568357.97,3.35,0.26,0.04,12.88
2025-05-16,600523,贵航股份,15.0,15.41,16.0,14.81,409382,633888650.0,7.92,2.6,0.39,10.13
2025-05-16,002331,皖通科技,7.91,7.97,8.18,7.73,728766,579346382.14,5.44,-3.63,-0.3,18.41
2025-05-16,002651,利君股份,12.2,14.17,14.17,12.2,708933,966111865.28,15.3,10.02,1.29,12.54
2025-05-16,603488,展鹏科技,8.4,8.44,8.49,8.19,210609,175548457.0,3.48,-2.09,-0.18,7.21
2025-05-16,000559,万向钱潮,8.69,9.41,9.56,8.56,3956603,3664389733.24,11.51,8.29,0.72,11.98
2025-05-16,688360,德马科技,27.82,29.45,29.89,27.82,147706,428524699.0,7.48,6.39,1.77,8.49
2025-05-16,300747,锐科激光,21.11,20.89,21.37,20.84,168981,355806461.99,2.51,-0.9,-0.19,3.35
2025-05-16,301023,江南奕帆,68.14,67.33,70.47,67.21,27905,191876721.12,4.74,-2.17,-1.49,9.35
2025-05-16,300902,国安达,17.8,17.95,18.18,17.8,27782,50143700.4,2.12,0.17,0.03,2.29
2025-05-16,872351,华光源海,37.24,34.01,37.96,33.41,162786,576181977.8,11.85,-11.43,-4.39,46.17
2025-05-16,300695,兆丰股份,88.3,100.56,104.85,88.3,62951,612979530.6,18.63,13.18,11.71,8.88
2025-05-16,832149,利尔达,15.78,16.09,16.4,15.72,108811,174654357.3,4.31,2.03,0.32,9.43
2025-05-16,300095,华伍股份,8.9,9.32,9.64,8.85,813407,753860747.65,8.48,0.0,0.0,24.01
2025-05-16,300433,蓝思科技,21.6,21.93,22.29,21.45,569990,1246007620.05,3.88,1.25,0.27,1.15
2025-05-16,832171,志晟信息,29.88,29.76,31.1,29.38,115072,345514702.62,5.64,-2.39,-0.73,17.45
2025-05-16,600150,中国船舶,31.3,31.37,31.7,31.14,318592,999068163.0,1.78,-0.03,-0.01,0.71
2025-05-16,300004,南风股份,8.14,8.9,9.25,8.1,781420,688180657.68,14.18,9.74,0.79,16.28
2025-05-16,688282,理工导航,43.69,43.56,44.56,43.35,6749,29643354.0,2.75,-1.0,-0.44,1.85
2025-05-16,835185,贝特瑞,22.05,22.32,22.81,22.05,65943,147453555.95,3.42,0.31,0.07,0.59
2025-05-16,837006,晟楠科技,32.55,32.7,34.57,32.49,59967,199988272.19,6.23,-2.1,-0.7,17.49
2025-05-16,000008,神州高铁,2.81,2.83,2.86,2.81,616711,174756978.46,1.77,0.35,0.01,2.27
2025-05-16,920008,成电光信,42.29,41.84,43.59,41.78,37967,161273187.97,4.25,-1.65,-0.7,11.44
2025-05-16,688132,邦彦技术,20.15,20.52,21.45,19.92,43630,91186092.0,7.53,0.93,0.19,4.02
2025-05-16,300629,新劲刚,20.39,20.3,20.85,20.24,131412,269127708.07,2.98,-0.98,-0.2,6.21
2025-05-16,600316,洪都航空,36.48,35.84,37.0,35.75,120528,436509927.0,3.42,-1.81,-0.66,1.68
2025-05-16,000712,锦龙股份,13.38,13.14,13.51,13.01,481025,631818158.56,3.74,-1.65,-0.22,5.37
2025-05-16,300276,三丰智能,12.3,12.32,12.61,12.27,520939,648399537.82,2.76,-0.16,-0.02,5.1
2025-05-16,600760,中航沈飞,46.93,47.2,48.05,46.83,250931,1191750755.0,2.6,0.6,0.28,0.91
2025-05-16,300963,中洲特材,21.3,24.66,24.66,20.98,834399,1989622548.64,17.91,20.0,4.11,41.61
2025-05-16,002640,跨境通,4.87,5.31,5.6,4.77,5533740,2890442472.26,15.99,2.31,0.12,39.61
2025-05-16,605068,明新旭腾,18.94,19.37,19.9,18.9,64999,126685858.0,5.28,2.32,0.44,4.01
2025-05-16,300980,祥源新材,23.78,24.08,24.95,23.68,76605,187294859.0,5.29,0.33,0.08,7.79
2025-05-16,603897,长城科技,28.13,29.11,30.7,28.13,206121,605099868.0,9.14,3.52,0.99,9.98
2025-05-16,300266,兴源环境,2.86,2.81,2.9,2.8,259068,73506678.55,3.47,-2.43,-0.07,1.67
2025-05-16,831641,格利尔,17.04,17.1,17.28,16.8,19135,32717400.01,2.84,1.0,0.17,4.28
2025-05-16,301501,恒鑫生活,80.0,83.79,88.38,77.0,97207,782914659.25,13.55,-0.25,-0.21,40.19
2025-05-16,600732,爱旭股份,11.23,11.31,11.41,11.18,257547,291307627.0,2.04,0.35,0.04,1.61
2025-05-16,832278,鹿得医疗,10.8,10.9,11.19,10.73,52342,57269060.18,4.18,-0.91,-0.1,6.93
2025-05-16,688244,永信至诚,36.97,36.56,38.06,36.5,17142,63699699.0,4.22,-1.19,-0.44,3.46
2025-05-16,301327,华宝新能,72.35,72.0,72.8,71.81,9205,66429252.51,1.36,-1.0,-0.73,2.66
2025-05-16,300044,ST赛为,3.72,3.66,3.75,3.65,324830,119748613.9,2.66,-2.66,-0.1,4.25
2025-05-16,003021,兆威机电,118.97,120.92,123.34,118.2,64823,788149599.33,4.28,0.66,0.79,3.14
2025-05-16,601989,中国重工,4.39,4.42,4.45,4.38,873483,385736612.0,1.59,0.45,0.02,0.38
2025-05-16,300709,精研科技,38.03,40.51,41.98,36.94,216275,876326835.92,13.26,6.55,2.49,14.49
2025-05-16,603040,新坐标,42.9,47.0,47.0,42.9,42896,195901474.0,9.6,9.99,4.27,3.18
2025-05-16,603977,国泰集团,12.2,12.14,12.24,12.12,64441,78421819.0,0.99,-0.33,-0.04,1.04
2025-05-16,430510,丰光精密,24.49,25.57,26.45,24.14,74775,191416011.85,9.49,5.1,1.24,7.88
2025-05-16,688543,国科军工,55.5,55.13,56.53,55.08,42508,236586510.0,2.6,-1.08,-0.6,4.4
2025-05-16,605389,长龄液压,33.82,34.07,34.63,33.82,11846,40481221.0,2.39,0.35,0.12,0.87
2025-05-16,688381,帝奥微,21.78,22.27,22.8,21.55,60005,134226593.0,5.75,2.44,0.53,3.27
2025-05-16,300879,大叶股份,47.0,47.5,53.11,45.49,429237,2093552064.38,15.24,-4.98,-2.49,21.35
2025-05-16,301119,正强股份,46.01,49.48,50.67,46.01,50895,248418371.4,9.98,5.95,2.78,6.05
2025-05-16,300274,阳光电源,64.15,65.31,67.8,64.0,441015,2913218699.36,5.9,1.41,0.91,2.77
2025-05-16,688678,福立旺,21.17,22.11,22.74,21.17,124493,276660006.0,7.38,4.0,0.85,4.8
2025-05-16,300427,红相股份,5.83,5.94,6.02,5.79,253494,149760922.9,3.91,1.02,0.06,5.12
2025-05-16,300205,*ST天喻,3.86,3.65,3.87,3.58,146458,53641419.93,7.71,-2.93,-0.11,3.41
2025-05-16,603109,神驰机电,26.3,27.93,27.93,26.3,126780,348747867.0,6.42,10.0,2.54,6.07
2025-05-16,300307,慈星股份,8.61,8.69,8.82,8.6,207800,181577098.0,2.56,0.93,0.08,2.66
2025-05-16,300994,久祺股份,17.07,17.15,17.5,16.92,121931,210305326.88,3.34,-1.32,-0.23,10.45
2025-05-16,603667,五洲新春,36.88,38.87,39.88,36.78,354808,1370990326.0,8.36,4.77,1.77,9.69
2025-05-16,000565,渝三峡Ａ,12.8,14.01,14.01,12.34,1426610,1882452433.15,13.11,9.97,1.27,32.9
2025-05-16,300729,乐歌股份,16.78,16.71,17.35,16.6,317213,539766196.44,4.45,-0.89,-0.15,9.91
2025-05-16,603916,苏博特,9.1,9.01,9.29,8.98,116253,105557805.0,3.4,-1.21,-0.11,2.77
2025-05-16,300115,长盈精密,21.62,21.76,22.07,21.56,418727,916079190.51,2.35,0.32,0.07,3.1
2025-05-16,688103,国力股份,51.06,51.03,51.95,51.0,7918,40626232.0,1.85,-0.49,-0.25,0.83
2025-05-16,301013,利和兴,18.03,19.53,19.63,17.87,315300,604923773.5,9.62,6.72,1.23,16.66
2025-05-16,300778,新城市,13.0,12.13,13.06,11.85,285500,348290997.38,9.04,-9.34,-1.25,14.02
2025-05-16,688169,石头科技,219.68,218.0,220.8,216.28,18504,404895670.0,2.05,-1.21,-2.68,1.0
2025-05-16,000519,中兵红箭,16.93,16.94,17.33,16.91,302406,517548496.14,2.48,0.0,0.0,2.17
2025-05-16,600303,曙光股份,4.21,4.25,4.3,4.15,208992,88347854.0,3.55,0.71,0.03,3.09
2025-05-16,002009,天奇股份,15.64,16.02,16.28,15.64,297758,478759515.49,4.06,1.65,0.26,8.42
2025-05-16,301205,联特科技,69.0,72.6,74.44,68.23,59997,434966702.04,8.85,3.45,2.42,8.83
2025-05-16,300696,爱乐达,20.73,20.73,21.41,20.62,206392,431072316.79,3.76,-1.33,-0.28,12.23
2025-05-16,300633,开立医疗,32.13,31.92,32.25,31.7,21603,69116519.2,1.71,-0.56,-0.18,0.5
2025-05-16,300119,瑞普生物,23.12,24.1,24.83,22.77,215337,518111493.44,8.92,4.33,1.0,6.43
2025-05-16,000766,通化金马,19.51,20.05,20.1,19.44,295218,586770378.25,3.37,2.45,0.48,3.06
2025-05-16,002276,万马股份,15.17,15.17,15.57,15.11,817634,1253839577.35,3.0,-1.11,-0.17,8.13
2025-05-16,603335,迪生力,4.61,4.82,4.93,4.61,353998,169585784.0,6.91,4.1,0.19,8.27
2025-05-16,600278,东方创业,7.7,7.51,7.85,7.49,408485,310330291.0,4.69,-2.21,-0.17,4.68
2025-05-16,300922,天秦装备,22.21,22.07,23.12,21.99,88332,198952928.35,5.02,-2.0,-0.45,7.68
2025-05-16,603818,曲美家居,3.5,3.56,3.6,3.45,259819,92358803.0,4.3,2.01,0.07,3.78
2025-05-16,873122,中纺标,45.51,45.32,45.86,45.18,6988,31735393.06,1.48,-1.05,-0.48,2.05
2025-05-16,688260,昀冢科技,14.59,14.79,15.0,14.48,34729,51116406.0,3.56,1.16,0.17,2.89
2025-05-16,603083,剑桥科技,39.0,40.18,41.54,38.88,299984,1225090331.0,6.79,2.55,1.0,11.19
2025-05-16,301323,新莱福,42.2,42.92,43.12,42.08,13427,57343578.0,2.45,1.15,0.49,2.0
2025-05-16,603350,安乃达,38.58,42.79,42.79,38.05,91874,374652482.0,12.19,10.0,3.89,31.68
2025-05-16,002689,远大智能,3.92,3.93,4.0,3.92,376212,148553622.67,2.04,0.26,0.01,3.61
2025-05-16,300659,中孚信息,13.82,13.74,13.9,13.69,74112,102211232.76,1.51,-1.22,-0.17,3.89
2025-05-16,873570,坤博精工,41.13,41.99,44.62,41.13,19307,83030623.5,8.18,-1.52,-0.65,8.62
2025-05-16,873726,卓兆点胶,29.89,29.5,30.66,29.38,29791,89437843.93,4.25,-1.99,-0.6,12.81
2025-05-16,605080,浙江自然,30.55,32.63,33.26,30.34,67080,216430544.0,9.56,6.81,2.08,4.78
2025-05-16,688011,新光光电,19.31,18.73,19.48,18.69,18156,34475492.0,4.1,-2.7,-0.52,1.82
2025-05-16,002389,航天彩虹,19.68,19.72,20.3,19.68,218958,436655101.89,3.13,-0.45,-0.09,2.21
2025-05-16,000962,东方钽业,15.97,16.29,16.77,15.93,171411,281534568.94,5.25,1.75,0.28,3.43
2025-05-16,301187,欧圣电气,35.57,38.05,39.2,35.42,95440,360141627.2,10.54,6.14,2.2,19.94
2025-05-16,836270,天铭科技,17.89,18.11,18.36,17.76,18142,32849903.56,3.36,1.29,0.23,2.24
2025-05-16,872541,铁大科技,17.1,17.29,17.49,17.1,26461,45889075.79,2.26,0.06,0.01,2.94
2025-05-16,603678,火炬电子,36.73,36.56,37.15,36.42,41526,152622772.0,1.98,-0.6,-0.22,0.87
2025-05-16,603949,雪龙集团,18.97,19.21,19.59,18.91,59664,115344149.0,3.56,0.58,0.11,2.84
2025-05-16,833533,骏创科技,52.5,53.0,54.3,52.2,34969,186857354.5,3.98,0.44,0.23,9.41
2025-05-16,002475,立讯精密,32.5,32.5,32.78,32.41,839028,2734254057.53,1.13,-0.49,-0.16,1.16
2025-05-16,603129,春风动力,174.0,180.0,182.31,173.01,20457,367547758.0,5.32,2.89,5.05,1.34
2025-05-16,688722,同益中,23.5,23.42,24.63,23.09,141539,338223504.0,6.61,0.52,0.12,6.32
2025-05-16,688320,禾川科技,45.0,48.3,49.5,45.0,113437,548404111.0,9.9,6.25,2.84,10.23
2025-05-16,600990,四创电子,21.12,20.9,22.2,20.86,137530,292220544.0,6.31,-1.55,-0.33,5.11
2025-05-16,002095,生 意 宝,20.56,20.56,21.24,20.0,190523,391797574.09,5.91,-1.96,-0.41,7.57
2025-05-16,300516,久之洋,32.48,32.51,33.32,32.33,18421,60268565.45,3.05,0.03,0.01,1.02
2025-05-16,836221,易实精密,21.15,21.68,22.33,21.0,57078,124419725.55,6.34,3.34,0.7,13.79
2025-05-16,300109,新开源,16.43,16.27,16.61,16.13,81124,132641082.8,2.93,-0.73,-0.12,1.81
2025-05-16,002273,水晶光电,19.8,19.77,20.04,19.72,199232,396298408.11,1.61,-0.3,-0.06,1.47
2025-05-16,001212,中旗新材,66.99,71.99,73.98,66.19,155557,1111938602.31,11.58,7.05,4.74,14.23
2025-05-16,688059,华锐精密,71.02,70.05,75.27,69.92,35769,259550105.0,7.65,0.13,0.09,5.75
2025-05-16,301550,斯菱股份,132.34,139.4,145.0,132.34,58032,805988162.12,9.47,4.28,5.72,8.63
2025-05-16,600530,交大昂立,8.0,7.2,8.25,7.1,729750,552969146.0,15.33,-4.0,-0.3,9.42
2025-05-16,301448,开创电气,23.66,24.2,25.26,23.65,44272,109064067.7,6.72,1.04,0.25,9.25
2025-05-16,688069,德林海,17.55,17.46,18.16,17.2,18814,33227420.0,5.43,-1.24,-0.22,1.66
2025-05-16,002544,普天科技,22.6,22.75,23.35,22.4,198226,452087750.8,4.21,0.75,0.17,2.92
2025-05-16,300150,世纪瑞尔,4.67,4.66,4.72,4.64,84633,39677367.0,1.71,-0.43,-0.02,1.64
2025-05-16,300785,值得买,34.83,34.97,35.3,34.56,53959,188311240.2,2.1,-0.68,-0.24,4.41
2025-05-16,000833,粤桂股份,12.1,12.5,13.15,12.1,322348,404190750.16,8.59,2.21,0.27,7.1
2025-05-16,300506,*ST名家,3.49,3.44,3.56,3.43,53934,18751879.28,3.74,-1.15,-0.04,0.94
2025-05-16,002361,神剑股份,6.3,6.5,6.73,6.23,1156053,760234797.16,7.66,-0.46,-0.03,14.29
2025-05-16,300083,创世纪,8.62,8.73,8.95,8.6,784241,690984971.0,4.05,1.04,0.09,5.25
2025-05-16,002979,雷赛智能,49.9,50.56,52.28,49.71,132112,677111745.6,5.08,0.02,0.01,6.07
2025-05-16,002384,东山精密,27.4,27.74,28.15,27.28,338288,940485490.2,3.15,0.51,0.14,2.44
2025-05-16,603926,铁流股份,11.51,12.14,12.59,11.5,185369,224522358.0,9.34,4.03,0.47,8.08
2025-05-16,839946,华阳变速,9.79,10.2,10.65,9.79,155847,159932635.67,8.75,3.76,0.37,16.06
2025-05-16,870656,海昇药业,25.51,26.0,26.36,24.01,57198,144161783.76,9.31,3.01,0.76,28.6
2025-05-16,002565,顺灏股份,3.81,3.96,4.09,3.81,689149,273880564.61,7.31,3.39,0.13,6.5
2025-05-16,001236,弘业期货,9.64,9.6,9.77,9.47,294502,282662145.0,3.11,-0.41,-0.04,9.02
2025-05-16,300126,锐奇股份,7.09,7.25,7.56,7.06,98805,72499971.0,7.03,1.97,0.14,4.69
2025-05-16,833427,华维设计,16.57,15.4,18.01,15.31,127749,213926312.81,17.99,2.6,0.39,25.24
2025-05-16,301387,光大同创,38.55,39.28,40.09,38.27,38148,150406227.0,4.7,1.45,0.56,9.0
2025-05-16,603917,合力科技,13.78,14.0,14.05,13.68,58509,81785483.0,2.69,1.6,0.22,2.87
2025-05-16,300077,国民技术,24.58,24.51,24.95,24.5,204147,504341418.11,1.82,-1.09,-0.27,3.6
2025-05-16,603392,万泰生物,66.1,67.37,67.49,65.7,24678,164910239.0,2.71,1.84,1.22,0.2
2025-05-16,688333,铂力特,62.7,63.51,65.5,62.7,42568,273312354.0,4.43,0.41,0.26,1.57
2025-05-16,300960,通业科技,21.23,21.66,21.84,21.03,44125,94929764.56,3.75,0.28,0.06,3.39
2025-05-16,600340,华夏幸福,2.59,2.83,2.83,2.59,2126100,580325155.0,9.34,10.12,0.26,5.46
2025-05-16,603179,新泉股份,44.76,46.0,47.34,44.76,65367,303926242.0,5.74,2.27,1.02,1.34
2025-05-16,688472,阿特斯,9.43,9.46,9.64,9.41,165909,158347413.0,2.45,0.85,0.08,1.2
2025-05-16,300592,华凯易佰,11.87,11.5,11.88,11.49,105492,122784441.2,3.29,-3.12,-0.37,2.97
2025-05-16,688582,芯动联科,64.8,64.04,64.86,63.91,28106,180881353.0,1.48,-0.47,-0.3,1.14
2025-05-16,000768,中航西飞,24.61,24.65,25.27,24.6,326655,814513297.36,2.74,0.98,0.24,1.18
2025-05-16,301606,绿联科技,41.45,41.13,41.85,41.0,12982,53684969.9,2.05,-0.7,-0.29,3.91
2025-05-16,300555,ST路通,11.49,11.46,11.68,11.44,29743,34292689.0,2.09,-0.26,-0.03,1.5
2025-05-16,002645,华宏科技,8.21,8.27,8.4,8.16,116748,96964389.0,2.92,0.61,0.05,2.28
2025-05-16,603200,上海洗霸,36.35,37.1,38.18,36.02,83726,309305624.0,5.96,2.32,0.84,4.77
2025-05-16,300680,隆盛科技,42.93,45.2,46.45,42.93,170297,770562625.76,8.13,4.44,1.92,9.87
2025-05-16,300927,江天化学,28.71,30.69,31.89,27.32,205416,598978264.35,16.41,10.2,2.84,14.58
2025-05-16,603112,华翔股份,17.14,18.24,18.88,16.78,436082,800471398.0,12.24,6.29,1.08,9.06
2025-05-16,000048,京基智农,17.59,17.42,17.64,16.87,101925,176435527.66,4.39,-0.74,-0.13,1.93
2025-05-16,002683,广东宏大,30.1,30.13,30.56,29.95,53150,160759651.0,2.02,-0.23,-0.07,0.82
2025-05-16,002115,三维通信,7.76,7.82,7.92,7.72,413843,324327994.4,2.56,0.13,0.01,5.5
2025-05-16,301286,侨源股份,28.4,28.6,28.97,28.4,13155,37801231.0,2.0,0.35,0.1,3.32
2025-05-16,603662,柯力传感,66.9,67.83,69.05,65.9,94773,646527983.0,4.7,1.15,0.77,3.37
2025-05-16,002241,歌尔股份,21.9,22.0,22.2,21.81,445818,982553713.66,1.77,-0.18,-0.04,1.45
2025-05-16,871553,凯腾精工,10.88,10.64,11.15,10.57,51745,55880852.52,5.3,-2.74,-0.3,5.63
2025-05-16,301322,绿通科技,27.42,27.63,27.8,27.37,17416,47954392.0,1.55,-0.25,-0.07,1.87
2025-05-16,300756,金马游乐,22.12,23.0,23.35,21.89,92818,212397753.8,6.5,2.45,0.55,7.07
2025-05-16,301413,安培龙,88.26,88.65,90.37,87.64,22881,203438085.0,3.08,0.06,0.05,4.34
2025-05-16,600173,卧龙地产,6.21,6.13,6.27,6.1,104745,64541564.0,2.74,-1.29,-0.08,1.5
2025-05-16,603809,豪能股份,14.95,15.99,16.3,14.95,694914,1104960858.0,8.94,5.89,0.89,8.34
2025-05-16,301235,华康洁净,24.54,23.8,24.69,23.7,39328,94337692.6,4.03,-3.02,-0.74,7.72
2025-05-16,002268,电科网安,15.29,15.37,15.44,15.29,58974,90663402.67,0.98,0.26,0.04,0.7
2025-05-16,300803,指南针,61.59,60.35,61.75,60.22,169146,1027450730.19,2.47,-2.52,-1.56,2.86
2025-05-16,830896,旺成科技,20.81,22.33,23.2,20.71,68744,151909922.48,11.97,7.3,1.52,15.48
2025-05-16,605305,中际联合,26.5,26.22,26.61,26.21,22817,60219421.0,1.51,-1.02,-0.27,1.07
2025-05-16,301658,首航新能,29.57,29.5,30.02,29.45,42282,125728595.62,1.92,-0.54,-0.16,10.92
2025-05-16,300753,爱朋医疗,23.79,23.19,23.79,23.13,73399,171144900.73,2.81,-1.24,-0.29,8.9
2025-05-16,002130,沃尔核材,19.8,20.07,20.5,19.75,518323,1045040947.73,3.74,0.2,0.04,4.15
2025-05-16,300530,领湃科技,27.01,27.22,28.08,26.97,67529,185413060.66,4.02,-1.34,-0.37,4.27
2025-05-16,300984,金沃股份,63.56,67.4,68.97,63.0,67486,452332589.6,9.36,5.64,3.6,8.41
2025-05-16,688135,利扬芯片,19.25,20.06,20.5,19.13,90013,180382925.0,7.12,4.32,0.83,4.47
2025-05-16,603500,祥和实业,8.86,8.93,9.08,8.86,74406,66743340.0,2.47,0.34,0.03,2.24
2025-05-16,600363,联创光电,57.83,58.95,60.77,57.83,139389,833319857.0,5.08,1.94,1.12,3.07
2025-05-16,300258,精锻科技,14.62,16.82,17.98,14.55,1311742,2212836939.63,22.9,12.28,1.84,26.32
2025-05-16,600212,绿能慧充,7.8,7.79,7.9,7.78,105725,82786456.0,1.53,-0.51,-0.04,2.05
2025-05-16,002705,新宝股份,14.85,14.74,14.91,14.73,46468,68875755.77,1.21,-0.81,-0.12,0.57
2025-05-16,835174,五新隧装,33.33,32.96,33.33,32.74,17726,58489362.6,1.76,-1.82,-0.61,2.04
2025-05-16,603991,至正股份,54.27,55.13,56.5,53.75,21132,116480656.0,5.07,1.58,0.86,2.84
2025-05-16,002265,建设工业,22.45,22.25,22.79,22.19,189844,425911970.37,2.71,0.32,0.07,4.71
2025-05-16,002353,杰瑞股份,33.12,33.36,33.68,33.01,39801,133081273.16,2.01,0.18,0.06,0.57
2025-05-16,300594,朗进科技,16.9,16.91,17.1,16.78,16568,28202801.96,1.89,0.12,0.02,1.82
2025-05-16,300718,长盛轴承,76.81,77.64,79.49,76.48,126154,988218051.5,3.92,1.09,0.84,6.51
2025-05-16,300762,上海瀚讯,21.44,21.27,21.78,21.24,150865,322923831.21,2.52,-0.75,-0.16,2.4
2025-05-16,300085,银之杰,34.55,33.72,34.6,33.34,364356,1231835401.95,3.66,-2.15,-0.74,5.74
2025-05-16,300527,中船应急,7.87,7.77,8.05,7.76,239466,189174903.74,3.71,-0.64,-0.05,2.43
2025-05-16,301565,中仑新材,20.72,20.93,21.25,20.71,22889,48117907.01,2.6,0.63,0.13,3.81
2025-05-16,601689,拓普集团,51.01,52.62,53.84,51.0,350339,1854964573.0,5.52,2.29,1.18,2.02
2025-05-16,600575,淮河能源,3.8,3.79,3.87,3.77,909787,345720764.0,2.62,-0.52,-0.02,2.34
2025-05-16,600243,*ST海华,2.76,2.8,2.85,2.67,343444,94314962.0,6.52,1.45,0.04,7.83
2025-05-16,603124,江南新材,43.33,42.9,43.87,42.9,23410,101406214.0,2.24,-1.08,-0.47,8.17
2025-05-16,688691,灿芯股份,56.9,56.28,57.31,56.23,10490,59614901.0,1.9,-1.21,-0.69,1.47
2025-05-16,603050,科林电气,16.17,16.44,16.47,16.12,30042,49098472.0,2.17,1.99,0.32,0.74
2025-05-16,920098,科隆新材,33.07,32.42,33.6,32.4,17655,57974569.15,3.61,-2.35,-0.78,4.06
2025-05-16,301479,弘景光电,130.53,133.74,135.59,130.0,18650,248229799.72,4.25,1.64,2.16,13.13
2025-05-16,002076,*ST星光,2.03,1.95,2.04,1.95,287149,56373540.0,4.39,-4.88,-0.1,2.79
2025-05-16,600130,*ST波导,3.14,3.07,3.17,3.03,468858,144782903.0,4.39,-3.76,-0.12,6.25
2025-05-16,600228,*ST返利,3.97,3.81,4.03,3.77,386248,148172136.0,6.55,-4.03,-0.16,9.23
2025-05-16,002305,*ST南置,1.85,1.8,1.85,1.74,1131105,203473867.14,6.01,-1.64,-0.03,6.52
2025-05-16,000820,*ST节能,2.45,2.29,2.45,2.29,117766,27515019.0,6.67,-4.58,-0.11,4.01
2025-05-16,872895,花溪科技,25.5,26.99,28.45,24.1,58160,151927503.99,16.48,2.23,0.59,20.24
2025-05-16,002167,东方锆业,9.0,9.07,9.28,9.0,292407,267021648.16,3.1,0.33,0.03,3.86
2025-05-16,002938,鹏鼎控股,29.11,29.5,29.77,28.95,132226,390877387.0,2.79,0.55,0.16,0.57
2025-05-16,002528,ST英飞拓,2.51,2.48,2.52,2.45,128491,31921418.25,2.81,-0.4,-0.01,1.22
2025-05-16,688229,博睿数据,51.3,50.2,51.59,50.0,12346,62615492.0,3.1,-2.14,-1.1,2.78
2025-05-16,000929,*ST兰黄,7.49,7.39,7.68,7.33,66157,49317229.96,4.61,-2.64,-0.2,3.56
2025-05-16,301168,通灵股份,30.99,29.99,31.11,29.91,24720,75045442.0,3.88,-2.91,-0.9,4.98
2025-05-16,002789,*ST建艺,8.75,8.37,8.75,8.22,108872,92871189.8,6.36,0.48,0.04,8.28
2025-05-16,603557,ST起步,2.9,3.01,3.08,2.9,220666,66279233.0,6.12,2.38,0.07,3.54
2025-05-16,688028,沃尔德,22.29,22.5,23.1,22.29,34212,77857339.0,3.61,0.36,0.08,2.27
2025-05-16,600753,*ST庚星,6.02,5.88,6.05,5.85,33892,20097135.0,3.32,-2.49,-0.15,1.47
2025-05-16,000004,*ST国华,8.6,8.27,8.74,8.27,164923,138152481.38,5.4,-4.94,-0.43,13.06
2025-05-16,603388,*ST元成,3.67,3.82,3.82,3.6,192639,72473534.0,6.04,4.95,0.18,5.91
2025-05-16,603955,大千生态,31.82,31.78,32.8,30.68,124414,394264774.0,6.65,-0.25,-0.08,9.17
2025-05-16,605050,福然德,12.35,12.76,13.0,12.35,104963,133811696.0,5.21,2.24,0.28,2.13
2025-05-16,000615,*ST美谷,3.28,3.29,3.33,3.27,78857,26034948.52,1.83,0.61,0.02,1.03
2025-05-16,002816,*ST和科,16.82,16.82,16.82,16.82,4256,7158592.0,0.0,4.99,0.8,0.43
2025-05-16,603261,*ST立航,18.61,18.32,18.99,18.18,36784,67696674.0,4.23,-4.28,-0.82,4.75
2025-05-16,871478,巨能股份,29.18,29.8,31.18,29.08,30534,92585914.96,7.11,0.91,0.27,13.28
2025-05-16,002620,ST瑞和,4.15,4.1,4.24,4.02,313818,129164990.93,5.26,-1.91,-0.08,9.95
2025-05-16,002289,*ST宇顺,12.64,13.19,13.68,12.63,141897,185631961.8,7.9,-0.75,-0.1,5.07
2025-05-16,603843,*ST正平,2.47,2.45,2.49,2.45,626368,153889936.0,1.55,-5.04,-0.13,8.95
2025-05-16,002848,*ST高斯,6.69,6.49,6.7,6.4,103966,68068224.0,4.48,-2.99,-0.2,6.33
2025-05-16,002126,银轮股份,25.34,27.3,28.01,25.3,860483,2332159797.55,10.64,7.23,1.84,10.97
2025-05-16,002200,*ST交投,8.2,8.33,8.51,8.16,196531,164626463.93,4.32,2.84,0.23,10.67
2025-05-16,603663,三祥新材,24.2,24.08,24.59,24.01,99516,241584750.0,2.4,-0.5,-0.12,2.35
2025-05-16,002898,*ST赛隆,8.01,7.99,8.26,7.79,66236,53081487.6,5.9,0.25,0.02,6.54
2025-05-16,301121,紫建电子,36.3,36.29,36.86,36.25,14685,53769749.48,1.67,-0.36,-0.13,2.9
2025-05-16,301160,翔楼新材,91.04,92.64,95.8,91.0,21453,201594946.0,5.2,0.42,0.39,4.83
2025-05-16,301233,盛帮股份,51.44,52.3,53.98,50.77,26340,139078318.0,6.33,3.05,1.55,14.11
2025-05-16,002569,*ST步森,8.56,8.32,8.56,8.31,48818,40953191.89,2.86,-4.91,-0.43,3.49
2025-05-16,003004,*ST声迅,20.21,19.37,20.44,19.1,30209,59098288.4,6.75,-2.47,-0.49,4.59
2025-05-16,688399,硕世生物,70.0,69.59,70.88,68.88,2848,19752711.0,2.88,0.09,0.06,0.5
2025-05-16,600193,*ST创兴,4.1,3.93,4.13,3.93,149382,59194161.0,4.83,-5.07,-0.21,3.51
2025-05-16,600391,航发科技,24.08,24.43,24.99,24.08,124692,306018865.0,3.77,1.29,0.31,3.78
2025-05-16,688562,航天软件,16.1,16.22,16.56,16.1,32185,52494246.0,2.85,0.43,0.07,1.9
2025-05-16,002650,ST加加,6.82,6.76,6.85,6.76,46892,31780769.0,1.26,-5.06,-0.36,0.41
2025-05-16,002141,*ST贤丰,2.9,3.01,3.01,2.8,530515,156112988.6,7.32,4.88,0.14,5.14
2025-05-16,603319,美湖股份,36.5,37.3,38.42,36.47,141564,533061507.0,5.28,1.06,0.39,5.84
2025-05-16,603683,晶华新材,13.85,13.96,14.07,13.44,138950,191676166.0,4.51,-0.07,-0.01,5.37
2025-05-16,603389,*ST亚振,9.49,9.49,9.49,9.04,114823,108531492.0,4.98,4.98,0.45,4.37
2025-05-16,600893,航发动力,34.13,33.79,34.65,33.66,198850,677302939.0,2.9,-0.94,-0.32,0.75
2025-05-16,002231,*ST奥维,3.13,2.99,3.13,2.97,370356,112761196.65,5.25,-1.97,-0.06,12.56
2025-05-16,300676,华大基因,56.14,56.43,58.8,55.7,96539,549481546.57,5.46,-0.58,-0.33,2.33
2025-05-16,600621,华鑫股份,14.04,13.89,14.09,13.88,163952,228437782.0,1.49,-1.49,-0.21,1.55
2025-05-16,002047,*ST宝鹰,1.9,1.85,1.91,1.83,176626,32827921.5,4.19,-3.14,-0.06,1.16
2025-05-16,002214,*ST大立,9.4,9.34,9.49,9.21,64254,59914423.4,2.95,-1.58,-0.15,1.34
2025-05-16,603021,ST华鹏,3.43,3.46,3.49,3.38,120727,41493649.0,3.16,-0.57,-0.02,3.77
2025-05-16,603828,ST柯利达,5.59,5.38,5.75,5.38,103586,57725780.0,6.54,-4.95,-0.28,1.74
2025-05-16,002259,ST升达,3.62,3.82,3.98,3.62,454019,170040819.81,9.45,0.26,0.01,6.03
2025-05-16,300474,景嘉微,67.41,67.51,68.06,67.21,67454,456468836.87,1.25,-0.43,-0.29,1.66
2025-05-16,688611,杭州柯林,47.69,47.26,49.07,46.96,20428,97871350.0,4.4,-1.46,-0.7,1.86
2025-05-16,300968,格林精密,14.6,14.69,14.87,14.55,40824,60190128.0,2.18,-0.07,-0.01,0.99
2025-05-16,000691,*ST亚太,4.79,4.55,4.79,4.42,539736,253525521.73,8.11,-0.22,-0.01,16.7
2025-05-16,600421,*ST华嵘,6.22,6.09,6.32,6.09,49203,30283012.0,3.59,-4.99,-0.32,2.52
2025-05-16,603007,*ST花王,4.86,4.95,5.04,4.67,140827,67926161.0,7.55,1.02,0.05,2.82
2025-05-16,002050,三花智控,26.58,27.0,27.4,26.52,551254,1494755598.93,3.29,1.09,0.29,1.5
2025-05-16,003032,*ST传智,5.94,5.91,5.99,5.82,66688,39347192.3,2.84,-1.17,-0.07,2.43
2025-05-16,688408,中信博,49.6,49.3,50.79,49.3,20369,101809838.0,3.01,-0.26,-0.13,1.01
2025-05-16,002444,巨星科技,24.5,24.62,24.75,24.29,141033,346506361.28,1.86,-0.4,-0.1,1.23
2025-05-16,688210,统联精密,18.67,19.02,19.48,18.59,36866,70284226.0,4.77,1.87,0.35,3.43
2025-05-16,003043,华亚智能,52.5,51.94,53.18,51.8,13626,71491722.0,2.61,-1.76,-0.93,2.8
2025-05-16,688776,国光电气,96.0,95.8,102.4,95.0,57555,567557920.0,7.78,0.75,0.71,5.31
2025-05-16,301016,雷尔伟,17.87,17.6,18.11,17.51,60761,107949763.32,3.38,-0.96,-0.17,2.93
2025-05-16,839790,联迪信息,39.49,39.37,39.88,39.03,20418,80401268.68,2.14,-1.01,-0.4,3.76
2025-05-16,833455,汇隆活塞,11.07,11.14,11.38,11.05,13755,15364397.32,2.98,0.63,0.07,1.48
2025-05-16,838701,豪声电子,29.6,29.36,29.95,29.18,12934,38233911.0,2.59,-1.28,-0.38,1.81
2025-05-16,002553,南方精工,24.2,24.17,24.95,23.8,538996,1317439521.93,4.75,-0.17,-0.04,21.49
2025-05-16,603885,吉祥航空,13.24,13.27,13.28,13.03,80302,105654136.0,1.89,0.15,0.02,0.37
2025-05-16,688636,智明达,41.51,41.26,42.48,41.09,14932,62161567.0,3.33,-1.08,-0.45,1.33
2025-05-16,002164,宁波东力,9.5,9.78,10.11,9.4,692976,681674138.85,7.16,-1.31,-0.13,14.44
2025-05-16,300694,蠡湖股份,13.06,13.06,13.28,13.03,48508,63895476.22,1.91,0.0,0.0,2.25
2025-05-16,301566,达利凯普,16.37,16.31,16.56,16.29,67308,110432207.48,1.65,-0.31,-0.05,3.19
2025-05-16,301050,雷电微力,51.28,51.14,52.77,51.06,99330,514211488.24,3.34,-0.14,-0.07,4.77
2025-05-16,003037,三和管桩,7.25,6.89,7.3,6.85,238372,165984252.0,6.28,-3.91,-0.28,4.03
2025-05-16,301389,隆扬电子,20.03,20.28,20.53,19.91,47000,95588552.0,3.08,0.7,0.14,5.73
2025-05-16,688084,晶品特装,66.58,67.45,69.18,66.58,13533,92237909.0,3.84,-0.35,-0.24,3.67
2025-05-16,300638,广和通,27.4,27.88,28.58,27.4,252508,708070555.74,4.25,0.43,0.12,4.74
2025-05-16,688128,中国电研,25.09,25.28,25.67,25.09,27240,69110633.0,2.3,0.32,0.08,0.67
2025-05-16,601022,宁波远洋,12.23,12.23,12.23,11.6,1683879,2040476269.0,5.67,9.98,1.11,67.73
2025-05-16,002693,*ST双成,7.22,7.06,7.22,6.9,468730,334033312.67,4.64,2.47,0.17,11.4
2025-05-16,301489,思泉新材,71.47,73.5,74.88,70.82,68137,498813727.97,5.59,1.2,0.87,20.04
2025-05-16,600685,中船防务,24.37,24.64,25.1,24.31,131386,325965186.0,3.24,0.98,0.24,1.6
2025-05-16,300221,银禧科技,8.8,9.0,9.22,8.8,226635,205143677.0,4.72,1.24,0.11,5.01
2025-05-16,603429,集友股份,10.75,9.72,10.76,9.72,148581,148449183.0,9.63,-10.0,-1.08,2.83
2025-05-16,603033,三维股份,11.22,11.2,11.3,11.13,26030,29152643.0,1.52,0.18,0.02,0.26
2025-05-16,600309,万华化学,57.15,56.83,57.19,56.62,186263,1058923735.0,0.99,-1.04,-0.6,0.59
2025-05-16,000656,*ST金科,1.49,1.55,1.58,1.46,1648760,251129087.59,7.89,1.97,0.03,3.1
2025-05-16,836419,万德股份,16.82,15.42,17.3,15.42,217751,352125674.96,9.89,-18.84,-3.58,34.57
2025-05-16,688439,振华风光,56.3,55.3,57.2,55.18,17863,100115100.0,3.57,-2.33,-1.32,1.57
2025-05-16,688599,天合光能,13.76,13.78,13.93,13.72,153920,212571192.0,1.52,-0.22,-0.03,0.71
2025-05-16,600372,中航机载,11.59,11.56,11.75,11.52,229782,266873521.0,1.98,-0.6,-0.07,0.47
2025-05-16,002826,易明医药,11.5,11.59,11.66,11.38,66652,76847014.38,2.42,0.35,0.04,3.86
2025-05-16,833284,灵鸽科技,25.45,26.0,27.21,25.42,107513,282355563.13,6.97,1.29,0.33,15.87
2025-05-16,300424,航新科技,15.5,15.62,16.06,15.42,153853,241673421.51,4.0,-2.38,-0.38,6.28
2025-05-16,300857,协创数据,76.08,76.1,77.25,75.61,63487,485108720.8,2.14,-0.55,-0.42,1.85
2025-05-16,605208,永茂泰,14.4,14.53,15.52,14.3,467118,702734920.0,8.24,-1.82,-0.27,14.16
2025-05-16,300011,鼎汉技术,7.22,7.26,7.38,7.22,69784,51027495.0,2.2,0.0,0.0,1.39
2025-05-16,603280,南方路机,25.03,25.18,25.68,25.01,28465,72182472.0,2.64,-0.63,-0.16,10.19
2025-05-16,300848,美瑞新材,17.39,17.44,17.63,17.31,19353,33870811.5,1.83,-0.23,-0.04,0.81
2025-05-16,603283,赛腾股份,44.8,44.64,45.19,44.6,33759,151461300.0,1.32,-0.42,-0.19,1.73
2025-05-16,600482,中国动力,21.7,21.63,21.85,21.5,84386,182573670.0,1.61,-0.32,-0.07,0.37
2025-05-16,688410,山外山,12.71,13.11,13.32,12.62,45283,59126718.0,5.46,2.26,0.29,1.93
2025-05-16,002283,天润工业,6.16,6.49,6.6,6.15,488643,313531913.1,7.26,4.68,0.29,4.87
2025-05-16,600366,宁波韵升,8.3,8.31,8.5,8.28,304101,255080037.0,2.64,-0.36,-0.03,2.86
2025-05-16,300065,海兰信,15.67,15.83,16.29,15.67,591602,946235610.31,3.96,1.02,0.16,9.02
2025-05-16,002988,豪美新材,35.38,36.55,36.88,34.41,75864,270333193.03,7.08,4.73,1.65,3.0
2025-05-16,301345,涛涛车业,65.72,66.3,66.59,65.46,5267,34814894.0,1.72,0.88,0.58,1.84
2025-05-16,688066,航天宏图,17.75,17.6,18.0,17.52,51572,91377204.0,2.69,-1.35,-0.24,1.97
2025-05-16,603310,巍华新材,18.36,18.42,18.59,18.33,15449,28560769.0,1.42,0.49,0.09,2.24
2025-05-16,300450,先导智能,20.33,20.45,20.67,20.3,95268,195737899.96,1.82,0.44,0.09,0.61
2025-05-16,688400,凌云光,27.69,28.02,28.75,27.52,74883,211501645.0,4.47,1.93,0.53,3.16
2025-05-16,301008,宏昌科技,26.35,27.13,27.5,26.35,76207,207031050.46,4.34,2.3,0.61,7.71
2025-05-16,301004,嘉益股份,75.24,75.05,75.9,74.2,9216,69085350.4,2.24,-0.9,-0.68,0.69
2025-05-16,600595,中孚实业,3.9,3.88,3.95,3.86,302933,118135611.0,2.31,-0.51,-0.02,0.76
2025-05-16,002655,共达电声,12.95,13.13,13.28,12.95,101888,134200255.92,2.53,0.61,0.08,2.83
2025-05-16,605286,同力日升,38.6,38.27,38.84,37.87,12611,48334160.0,2.53,-0.23,-0.09,0.75
2025-05-16,002307,北新路桥,4.18,4.1,4.21,4.09,430052,176937356.0,2.82,-3.53,-0.15,3.94
2025-05-16,688757,胜科纳米,24.42,24.13,24.68,24.11,28899,70384728.0,2.33,-1.31,-0.32,8.87
2025-05-16,000571,新大洲A,4.79,4.75,4.82,4.72,205879,98165768.68,2.09,-0.63,-0.03,2.53
2025-05-16,000026,飞亚达,11.21,12.08,12.37,11.15,333872,394683680.55,10.84,7.38,0.83,9.15
2025-05-16,831906,舜宇精工,25.31,25.49,26.6,24.9,34318,89061614.55,6.75,1.23,0.31,10.34
2025-05-16,688609,九联科技,11.09,11.09,11.3,10.93,178193,198416135.0,3.34,0.18,0.02,3.56
2025-05-16,300310,宜通世纪,6.12,6.21,6.27,6.09,203929,126845178.8,2.92,0.81,0.05,2.95
2025-05-16,688458,美芯晟,39.11,42.2,42.97,39.11,46205,193480981.0,9.67,5.74,2.29,5.5
2025-05-16,603615,茶花股份,20.7,20.97,20.98,19.2,55834,113227289.0,8.47,-0.24,-0.05,2.31
2025-05-16,300399,天利科技,25.16,26.39,26.92,24.22,427594,1098241366.37,10.57,3.29,0.84,21.64
2025-05-16,300553,集智股份,52.2,54.21,54.49,52.2,37513,201301341.05,4.38,3.69,1.93,6.11
2025-05-16,003019,宸展光电,30.3,31.54,32.3,30.05,94520,295778232.73,7.45,4.44,1.34,5.6
2025-05-16,688110,东芯股份,32.66,33.69,33.95,32.35,93358,308900699.0,4.91,3.47,1.13,2.11
2025-05-16,300682,朗新集团,14.12,14.26,14.48,13.95,104947,149645881.24,3.73,0.28,0.04,1.01
2025-05-16,301558,三态股份,9.14,8.99,9.28,8.93,418624,379032105.21,3.76,-3.33,-0.31,19.09
2025-05-16,301366,一博科技,46.6,47.23,48.5,46.11,28807,136616044.0,5.13,1.35,0.63,5.27
2025-05-16,301307,美利信,25.5,25.63,26.4,25.48,78083,202995886.8,3.59,-0.08,-0.02,7.16
2025-05-16,002600,领益智造,8.23,8.3,8.37,8.21,665620,552258993.5,1.94,0.48,0.04,0.96
2025-05-16,600399,抚顺特钢,5.24,5.22,5.3,5.2,228012,119410248.0,1.91,-0.38,-0.02,1.16
2025-05-16,600345,长江通信,23.25,24.52,24.75,23.25,113525,273344081.0,6.45,5.51,1.28,5.37
2025-05-16,835579,机科股份,29.9,30.4,30.95,29.42,33907,103138706.13,5.13,1.88,0.56,7.61
2025-05-16,688507,索辰科技,76.15,76.43,77.97,75.02,11225,86546461.0,3.85,-0.34,-0.26,2.28
2025-05-16,000921,海信家电,28.77,29.05,29.17,28.5,62317,180196231.35,2.33,0.97,0.28,0.68
2025-05-16,603305,旭升集团,13.13,13.35,13.62,13.1,175519,236063422.0,3.94,1.06,0.14,1.84
2025-05-16,873132,泰鹏智能,23.31,21.52,23.31,21.5,76115,168573170.18,7.55,-10.22,-2.45,27.06
2025-05-16,001270,*ST铖昌,36.08,36.73,37.09,36.08,32031,117702368.41,2.78,1.07,0.39,3.16
2025-05-16,837592,华信永道,59.0,58.31,59.68,58.18,17760,104535665.88,2.53,-1.69,-1.0,4.65
2025-05-16,300518,新迅达,11.94,11.97,12.25,11.81,63360,76274514.29,3.68,0.17,0.02,3.18
2025-05-16,688651,盛邦安全,33.85,34.56,35.43,33.51,8608,29768288.0,5.67,2.1,0.71,2.73
2025-05-16,600072,中船科技,12.18,12.14,12.35,12.14,89356,109112100.0,1.72,-0.41,-0.05,0.82
2025-05-16,002580,圣阳股份,12.21,12.5,12.77,12.21,279445,349419015.16,4.51,0.64,0.08,6.18
2025-05-16,002857,三晖电气,18.0,18.98,19.56,17.77,164062,310260440.37,9.81,4.06,0.74,12.82
2025-05-16,688778,厦钨新能,47.21,48.17,48.65,47.21,32693,157058136.0,3.03,1.35,0.64,0.78
2025-05-16,603859,能科科技,30.19,30.08,30.45,29.87,32474,98094561.0,1.92,-0.36,-0.11,1.33
2025-05-16,000801,四川九洲,16.02,16.11,16.37,15.93,233124,378196029.0,2.72,-0.37,-0.06,2.28
2025-05-16,688717,艾罗能源,53.76,54.94,55.88,52.75,29609,161433494.0,5.76,1.18,0.64,3.07
2025-05-16,300053,航宇微,12.24,12.3,12.68,12.05,235317,291392528.48,5.07,-1.05,-0.13,3.62
2025-05-16,600636,*ST国化,7.77,7.81,7.83,7.63,80916,62693597.0,2.57,0.51,0.04,1.84
2025-05-16,832802,保丽洁,23.2,23.0,23.2,22.58,17003,38945729.48,2.69,-0.39,-0.09,10.0
2025-05-16,603337,杰克股份,38.1,42.15,42.15,38.1,122230,501201410.0,10.57,9.99,3.83,2.58
2025-05-16,603666,亿嘉和,36.51,37.66,37.9,36.12,112188,420594373.0,4.82,1.95,0.72,5.43
2025-05-16,603009,XD北特科,43.51,43.61,44.58,43.05,96009,422651956.0,3.51,0.02,0.01,2.84
2025-05-16,600761,安徽合力,16.6,16.56,16.71,16.53,75700,125763156.0,1.08,-0.24,-0.04,0.85
2025-05-16,002747,埃斯顿,20.67,20.61,21.04,20.5,212296,442128652.95,2.6,-0.67,-0.14,2.71
2025-05-16,600446,金证股份,14.8,15.06,15.66,14.65,231216,349587249.0,6.8,1.41,0.21,2.44
2025-05-16,605117,德业股份,90.09,90.92,92.2,90.01,41761,381400038.0,2.43,0.87,0.78,0.65
2025-05-16,831195,三祥科技,17.7,18.16,18.45,17.35,48617,87459561.54,6.2,2.43,0.43,6.87
2025-05-16,301592,六九一二,135.38,135.64,137.0,135.25,5420,73739299.0,1.29,0.02,0.03,3.1
2025-05-16,002171,楚江新材,8.46,8.43,8.64,8.43,150205,127868682.23,2.46,-1.06,-0.09,1.0
2025-05-16,300941,创识科技,23.1,22.98,23.29,22.8,51241,118078155.5,2.12,-0.78,-0.18,4.31
2025-05-16,837663,明阳科技,27.76,29.15,29.88,27.72,45853,133779696.06,7.75,4.59,1.28,9.41
2025-05-16,300942,易瑞生物,9.2,9.3,9.38,9.12,71566,66124507.42,2.85,2.09,0.19,1.78
2025-05-16,300093,*ST金刚,9.21,8.98,9.28,8.93,85833,77992721.5,3.78,-3.13,-0.29,3.98
2025-05-16,002648,卫星化学,18.14,18.2,18.23,18.08,264376,480625149.08,0.82,0.0,0.0,0.79
2025-05-16,605288,凯迪股份,47.48,52.23,52.23,47.25,31839,162135062.0,10.49,10.0,4.75,4.54
2025-05-16,300467,迅游科技,19.6,20.59,20.82,19.6,143507,293084533.27,6.18,4.31,0.85,8.51
2025-05-16,002426,胜利精密,2.81,2.82,2.85,2.77,918420,260054963.64,2.84,0.0,0.0,2.7
2025-05-16,300059,东方财富,21.76,21.53,21.97,21.51,2299942,4972142237.56,2.11,-1.33,-0.29,1.72
2025-05-16,603121,华培动力,23.7,24.38,24.5,23.5,132417,319293652.0,4.26,3.92,0.92,3.91
2025-05-16,688385,复旦微电,45.4,45.22,45.67,45.0,41816,189155120.0,1.48,-0.26,-0.12,0.78
2025-05-16,688299,长阳科技,20.15,20.15,20.49,19.8,82127,165595603.0,3.42,-0.25,-0.05,2.83
2025-05-16,300101,振芯科技,17.3,17.22,17.65,17.21,81904,142455853.0,2.54,-0.69,-0.12,1.45
2025-05-16,600576,祥源文旅,9.69,9.95,10.08,9.64,102515,101334166.0,4.52,2.26,0.22,1.55
2025-05-16,688259,创耀科技,42.25,43.23,43.84,42.02,39548,170687535.0,4.3,2.2,0.93,3.54
2025-05-16,601881,中国银河,16.5,16.48,16.65,16.35,466199,768166912.0,1.81,-0.66,-0.11,0.64
2025-05-16,837212,智新电子,17.95,18.38,18.38,17.85,29714,54152776.72,2.91,0.99,0.18,5.79
2025-05-16,870357,雅葆轩,23.6,23.69,24.08,23.43,27943,66436109.24,2.77,0.81,0.19,6.28
2025-05-16,688159,有方科技,58.16,61.35,63.8,57.5,121004,742652561.0,10.86,5.74,3.33,13.2
2025-05-16,688303,大全能源,20.21,20.31,20.55,20.05,72866,148277339.0,2.47,0.45,0.09,1.32
2025-05-16,300911,亿田智能,53.19,52.7,53.27,52.2,19828,104631493.92,2.01,-0.94,-0.5,1.53
2025-05-16,002379,宏创控股,10.75,10.9,10.99,10.74,173345,188393215.61,2.31,0.65,0.07,1.53
2025-05-16,002851,麦格米特,45.86,46.81,47.86,45.6,159827,749442360.48,4.86,0.67,0.31,3.5
2025-05-16,603128,华贸物流,6.93,6.72,7.0,6.67,1409859,952883449.0,4.74,-3.45,-0.24,10.77
2025-05-16,603239,浙江仙通,14.88,15.49,15.77,14.88,150479,231974575.0,5.98,4.1,0.61,5.56
2025-05-16,300169,天晟新材,7.33,7.18,7.36,7.16,187683,136159229.0,2.71,-2.58,-0.19,6.22
2025-05-16,300174,元力股份,14.41,14.45,14.65,14.4,45657,66177449.64,1.72,-0.34,-0.05,1.26
2025-05-16,300580,贝斯特,26.78,27.13,27.94,26.6,151367,416149712.9,4.97,0.63,0.17,3.22
2025-05-16,301310,鑫宏业,38.24,42.48,44.0,38.23,115842,487983619.61,14.99,10.4,4.0,23.34
2025-05-16,300020,*ST银江,3.91,3.99,3.99,3.81,214749,83825552.08,4.57,1.27,0.05,2.8
2025-05-16,603895,天永智能,26.24,26.85,26.98,26.24,7133,19065740.0,2.81,2.09,0.55,0.66
2025-05-16,688685,迈信林,66.31,64.81,66.7,64.36,38491,251085966.0,3.52,-2.39,-1.59,2.65
2025-05-16,002520,日发精机,6.54,7.26,7.26,6.51,1787319,1271491719.53,11.36,10.0,0.66,24.91
2025-05-16,872190,雷神科技,32.8,33.61,34.31,32.8,36020,121550984.56,4.52,0.66,0.22,3.65
2025-05-16,301315,威士顿,47.55,47.21,48.05,46.97,18859,89601437.0,2.27,-0.9,-0.43,5.1
2025-05-16,600615,丰华股份,10.7,11.01,11.55,10.7,103048,114256986.0,7.8,1.01,0.11,4.58
2025-05-16,688652,京仪装备,55.8,55.73,56.43,55.59,6854,38400908.0,1.51,0.22,0.12,0.67
2025-05-16,603626,科森科技,8.53,8.92,9.08,8.2,822153,718353512.0,10.07,2.06,0.18,14.82
2025-05-16,300847,中船汉光,16.6,16.51,16.86,16.46,44858,74556939.0,2.41,-0.42,-0.07,1.52
2025-05-16,300711,广哈通信,21.94,21.78,22.22,21.7,41448,90955328.0,2.35,-1.45,-0.32,1.67
2025-05-16,600416,湘电股份,10.39,10.47,10.56,10.38,102692,107592219.0,1.73,0.58,0.06,0.77
2025-05-16,688318,财富趋势,136.73,136.01,137.72,136.01,13031,178142633.0,1.24,-1.25,-1.72,0.71
2025-05-16,001395,亚联机械,48.9,47.8,50.1,47.65,43979,212855964.22,4.97,-3.0,-1.48,22.8
2025-05-16,300815,玉禾田,16.63,17.78,18.02,16.63,151556,265869556.67,8.36,6.92,1.15,3.92
2025-05-16,600071,凤凰光学,20.3,20.65,20.97,20.2,28685,59216013.0,3.79,1.72,0.35,1.02
2025-05-16,000818,航锦科技,24.11,24.92,25.14,23.67,441572,1081777824.88,5.89,-0.08,-0.02,6.52
2025-05-16,300855,图南股份,22.13,22.25,22.57,22.13,21386,47870506.5,1.99,0.41,0.09,0.73
2025-05-16,831961,创远信科,22.14,22.15,22.84,22.01,85590,192208694.35,3.65,-2.72,-0.62,8.12
2025-05-16,300913,兆龙互连,50.0,50.07,51.09,49.67,43502,219408953.7,2.83,-0.12,-0.06,2.05
2025-05-16,300035,中科电气,15.03,15.01,15.16,14.98,125370,188901367.0,1.2,-0.27,-0.04,2.15
2025-05-16,002922,伊戈尔,15.56,15.58,15.7,15.52,56585,88344717.0,1.16,0.0,0.0,1.52
2025-05-16,688316,青云科技-U,56.59,56.95,57.77,55.75,25702,145861243.0,3.53,-0.44,-0.25,7.15
2025-05-16,300446,航天智造,17.51,17.58,17.85,17.45,90982,161075698.83,2.28,0.0,0.0,2.92
2025-05-16,301117,佳缘科技,27.49,27.32,27.73,27.19,17088,46960036.0,1.96,-0.65,-0.18,3.01
2025-05-16,834770,艾能聚,18.52,18.46,19.16,18.42,77721,146325556.3,3.93,-1.96,-0.37,9.49
2025-05-16,835640,富士达,28.22,28.28,28.72,27.92,41489,117675531.13,2.86,0.96,0.27,2.3
2025-05-16,603721,*ST天择,19.52,18.38,19.52,18.11,155578,294461688.0,7.58,-1.13,-0.21,11.97
2025-05-16,600405,动力源,4.66,4.72,4.78,4.63,136433,64469414.0,3.21,1.07,0.05,2.24
2025-05-16,002406,远东传动,7.62,7.8,7.86,7.61,495722,385763413.25,3.26,1.56,0.12,8.23
2025-05-16,600448,华纺股份,4.9,5.13,5.47,4.72,3135336,1578487041.0,14.31,-2.1,-0.11,49.78
2025-05-16,601156,东航物流,13.47,13.49,13.65,13.3,227933,306842559.0,2.59,0.0,0.0,2.41
2025-05-16,603920,世运电路,26.24,26.61,27.1,26.24,159533,426663118.0,3.26,0.91,0.24,2.21
2025-05-16,300227,光韵达,8.61,8.65,8.83,8.6,120582,105334441.0,2.65,-0.23,-0.02,2.92
2025-05-16,002365,永安药业,13.58,14.01,14.96,13.3,819406,1160656855.52,12.16,2.64,0.36,33.37
2025-05-16,300611,美力科技,26.1,26.27,27.3,25.86,155931,416482433.0,5.49,0.19,0.05,10.51
2025-05-16,300663,科蓝软件,18.2,18.28,18.45,17.71,351598,638931132.29,4.1,1.39,0.25,7.96
2025-05-16,688323,瑞华泰,13.47,13.4,13.73,13.34,28012,38022137.0,2.89,-0.74,-0.1,1.56
2025-05-16,301571,国科天成,44.01,44.22,44.75,44.01,11041,49026774.18,1.67,0.0,0.0,3.08
2025-05-16,002961,瑞达期货,16.36,16.2,16.57,16.07,132743,215105376.78,3.03,-1.88,-0.31,2.98
2025-05-16,002267,陕天然气,9.24,9.16,9.36,9.15,87852,80893696.08,2.26,-1.51,-0.14,0.79
2025-05-16,688631,莱斯信息,78.41,77.88,79.53,77.88,12336,96958736.0,2.09,-1.32,-1.04,1.95
2025-05-16,300503,昊志机电,23.23,23.4,23.92,23.12,132076,312692151.36,3.43,0.26,0.06,5.52
2025-05-16,603228,景旺电子,29.69,29.92,30.11,29.54,75848,226840234.0,1.92,0.54,0.16,0.82
2025-05-16,301358,湖南裕能,29.94,30.16,30.55,29.84,60363,181897172.94,2.36,0.37,0.11,1.57
2025-05-16,301368,丰立智能,68.0,68.19,70.26,67.85,39886,275660952.0,3.52,-0.31,-0.21,6.22
2025-05-16,300008,天海防务,6.1,6.15,6.45,6.1,1851198,1158138869.88,5.85,2.84,0.17,11.24
2025-05-16,873223,荣亿精密,11.78,11.9,12.11,11.7,28636,34231274.41,3.48,1.1,0.13,3.51
2025-05-16,300414,中光防雷,8.18,8.25,8.39,8.16,51915,43131191.25,2.81,0.86,0.07,1.66
2025-05-16,688208,道通科技,28.7,29.28,29.88,28.6,141976,416486995.0,4.44,1.49,0.43,2.12
2025-05-16,000669,ST金鸿,2.0,2.01,2.01,1.96,63342,12578236.77,2.49,0.0,0.0,0.93
2025-05-16,871981,晶赛科技,38.0,37.77,38.7,37.72,18633,71159025.57,2.58,-0.61,-0.23,4.99
2025-05-16,601606,长城军工,13.29,13.35,13.8,13.22,421330,567781843.0,4.37,0.68,0.09,5.82
2025-05-16,002859,洁美科技,18.2,18.25,18.38,18.18,17285,31586312.51,1.1,-0.05,-0.01,0.43
2025-05-16,300956,英力股份,17.21,17.28,17.41,17.03,46726,80608173.14,2.21,0.52,0.09,2.22
2025-05-16,833781,瑞奇智造,11.76,12.14,12.77,11.76,104131,128415819.57,8.52,2.45,0.29,11.22
2025-05-16,600644,乐山电力,12.49,12.61,13.2,12.32,927196,1189740437.0,6.78,-2.78,-0.36,17.22
2025-05-16,300981,中红医疗,12.35,12.48,12.53,12.29,29737,36934166.06,1.94,0.81,0.1,0.83
2025-05-16,600428,中远海特,6.63,6.4,6.67,6.35,840295,541760355.0,4.83,-3.32,-0.22,3.91
2025-05-16,603890,春秋电子,12.56,12.86,12.86,12.41,266099,336061215.0,3.55,1.42,0.18,6.06
2025-05-16,832000,安徽凤凰,23.0,23.73,24.08,22.7,31558,74485249.66,6.03,3.72,0.85,6.53
2025-05-16,300722,新余国科,29.48,29.36,30.3,29.33,70688,209966187.25,3.27,-1.04,-0.31,2.55
2025-05-16,002965,祥鑫科技,58.0,60.42,62.57,57.99,239826,1456769811.6,7.89,4.14,2.4,15.63
2025-05-16,300386,飞天诚信,17.41,17.12,17.65,17.06,212072,367394410.32,3.34,-3.0,-0.53,8.54
2025-05-16,832491,奥迪威,31.46,32.33,33.15,31.04,102695,331055281.3,6.79,4.09,1.27,9.0
2025-05-16,300438,鹏辉能源,24.18,24.12,24.58,24.12,59119,143958552.75,1.89,-1.07,-0.26,1.46
2025-05-16,002792,通宇通讯,15.05,15.44,15.62,14.93,173779,266778717.53,4.59,2.66,0.4,5.54
2025-05-16,002112,三变科技,13.28,13.45,13.59,13.27,61924,83373761.4,2.4,0.98,0.13,2.36
2025-05-16,002335,科华数据,39.93,40.36,41.08,39.65,180455,730388776.11,3.53,-0.42,-0.17,3.97
2025-05-16,603008,喜临门,16.07,16.14,16.35,15.96,53335,85950622.0,2.43,0.69,0.11,1.41
2025-05-16,600570,恒生电子,26.4,26.42,26.54,26.25,157090,414545170.0,1.09,-0.45,-0.12,0.83
2025-05-16,000039,中集集团,8.44,8.22,8.45,8.16,901191,744433323.08,3.46,-2.03,-0.17,3.92
2025-05-16,300969,恒帅股份,57.5,59.35,60.22,57.29,17439,103108420.68,5.09,3.18,1.83,5.74
2025-05-16,600259,广晟有色,41.42,41.52,43.5,41.2,216778,911333619.0,5.42,-2.21,-0.94,6.44
2025-05-16,002204,大连重工,6.14,6.31,6.43,6.14,1142697,724628810.4,4.7,2.27,0.14,5.92
2025-05-16,002762,*ST金比,5.11,5.17,5.22,5.1,48900,25210653.33,2.33,0.58,0.03,2.31
2025-05-16,688529,豪森智能,17.11,17.44,17.76,17.11,22559,39643879.0,3.78,1.34,0.23,1.34
2025-05-16,301260,格力博,16.8,20.5,20.5,16.5,366678,694177477.91,23.42,20.02,3.42,17.27
2025-05-16,002074,国轩高科,22.9,23.1,23.73,22.88,468947,1089020765.15,3.69,0.26,0.06,2.72
2025-05-16,300589,江龙船艇,11.4,11.53,11.93,11.39,154508,181050182.8,4.74,1.14,0.13,6.67
2025-05-16,000595,*ST宝实,4.35,4.29,4.38,4.26,153579,66283501.0,2.74,-2.05,-0.09,1.35
2025-05-16,300899,*ST凯鑫,21.41,21.38,21.75,21.33,6441,13829195.06,1.94,-1.25,-0.27,1.57
2025-05-16,601231,环旭电子,13.95,14.06,14.18,13.93,94163,132483357.0,1.79,0.57,0.08,0.43
2025-05-16,603680,今创集团,9.78,10.01,10.17,9.73,75661,75936373.0,4.49,2.14,0.21,0.97
2025-05-16,301383,天键股份,38.15,38.37,39.16,37.5,24697,94855676.28,4.37,1.03,0.39,3.52
2025-05-16,688375,国博电子,54.95,54.35,55.65,54.28,25736,140966777.0,2.49,-1.18,-0.65,0.97
2025-05-16,002765,蓝黛科技,14.99,15.73,16.52,14.91,1206316,1936854957.24,10.72,4.73,0.71,20.24
2025-05-16,000738,航发控制,19.12,18.97,19.41,18.95,111635,213389162.52,2.4,-0.84,-0.16,0.85
2025-05-16,001379,腾达科技,20.2,20.36,20.66,20.2,15184,31119953.0,2.27,0.34,0.07,2.26
2025-05-16,688272,富吉瑞,22.1,22.22,22.84,22.0,13491,30366003.0,3.79,0.32,0.07,1.78
2025-05-16,603535,嘉诚国际,9.62,9.49,9.72,9.33,295356,280599843.0,4.01,-2.37,-0.23,6.18
2025-05-16,300564,筑博设计,13.44,12.97,13.57,12.78,41876,54571783.6,6.05,-0.69,-0.09,3.7
2025-05-16,301151,冠龙节能,16.52,16.11,16.58,15.97,39285,63724042.97,3.8,0.25,0.04,7.05
2025-05-16,600118,中国卫星,26.42,26.39,26.75,26.27,88345,233933158.0,1.82,-0.04,-0.01,0.75
2025-05-16,688290,景业智能,50.8,51.28,52.46,50.64,16511,85519570.0,3.58,0.98,0.5,1.62
2025-05-16,600206,有研新材,18.55,18.8,19.09,18.45,518948,979557239.0,3.41,0.11,0.02,6.13
2025-05-16,300421,力星股份,16.5,16.97,17.31,16.5,248131,423625503.16,4.88,2.29,0.38,10.77
2025-05-16,688698,伟创电气,47.3,48.15,49.35,47.18,52205,253630946.0,4.59,1.8,0.85,2.47
2025-05-16,300409,道氏技术,14.21,14.29,14.54,14.16,170000,244203000.95,2.66,0.14,0.02,2.47
2025-05-16,301083,百胜智能,14.85,15.05,15.19,14.8,22832,34452732.0,2.63,1.55,0.23,2.67
2025-05-16,002153,石基信息,7.77,7.77,7.84,7.71,182785,142401982.07,1.67,-0.26,-0.02,1.14
2025-05-16,300354,东华测试,39.87,40.36,41.2,39.83,25978,105717978.3,3.42,0.85,0.34,3.2
2025-05-16,301122,采纳股份,20.23,21.03,21.06,20.04,38373,79563942.2,5.06,4.26,0.86,5.7
2025-05-16,603181,皇马科技,12.12,12.38,12.43,12.05,95290,116495641.0,3.04,-0.88,-0.11,1.62
2025-05-16,300098,高新兴,4.92,5.08,5.19,4.91,600797,306801091.28,5.65,2.42,0.12,3.9
2025-05-16,688663,新风光,26.66,26.66,27.25,26.49,24293,64871609.0,2.85,-0.11,-0.03,1.74
2025-05-16,300979,华利集团,54.41,53.42,54.99,53.2,30836,165868205.15,3.29,-1.8,-0.98,0.26
2025-05-16,002709,天赐材料,17.84,17.89,18.02,17.82,96123,172330059.71,1.12,0.0,0.0,0.69
2025-05-16,000807,云铝股份,15.58,15.67,15.7,15.4,263094,409536113.03,1.91,-0.32,-0.05,0.76
2025-05-16,000504,*ST生物,7.1,6.9,7.1,6.84,49100,33836703.4,3.67,-2.54,-0.18,1.58
2025-05-16,300671,富满微,29.8,29.9,30.22,29.7,28588,85892466.4,1.74,0.27,0.08,1.32
2025-05-16,605088,冠盛股份,37.08,38.73,39.64,37.08,64418,249608982.0,6.83,3.34,1.25,3.6
2025-05-16,873576,天力复合,34.08,35.8,38.39,33.7,71530,257916238.36,14.04,7.19,2.4,6.68
2025-05-16,300648,星云股份,35.31,36.78,38.0,34.98,125088,463150646.58,8.73,6.36,2.2,11.78
2025-05-16,600879,航天电子,8.97,9.04,9.4,8.97,862870,792875755.0,4.78,0.44,0.04,2.62
2025-05-16,301300,远翔新材,34.65,38.29,40.46,34.35,64984,242662708.15,17.73,11.08,3.82,21.25
2025-05-16,603185,弘元绿能,14.54,14.64,14.78,14.5,53118,77780699.0,1.93,0.69,0.1,0.78
2025-05-16,601058,赛轮轮胎,12.75,12.84,12.84,12.65,139936,178393920.0,1.5,1.1,0.14,0.43
2025-05-16,001400,江顺科技,59.07,57.82,59.24,57.75,24389,141980382.68,2.53,-1.95,-1.15,16.26
2025-05-16,688005,容百科技,19.72,19.78,19.95,19.71,73082,144699585.0,1.21,-0.1,-0.02,1.57
2025-05-16,688390,固德威,40.8,40.64,41.75,40.6,35948,147594043.0,2.82,-0.44,-0.18,1.48
2025-05-16,002194,武汉凡谷,14.0,14.35,14.69,14.0,841301,1208549230.21,4.71,-2.11,-0.31,16.47
2025-05-16,300380,安硕信息,48.3,47.8,48.5,47.7,60757,291182198.44,1.65,-1.61,-0.78,4.77
2025-05-16,300853,申昊科技,22.25,22.43,22.85,22.25,33117,74968363.0,2.69,0.4,0.09,3.0
2025-05-16,873706,铁拓机械,22.2,22.42,23.46,21.9,80651,184275354.34,6.51,-6.51,-1.56,19.05
2025-05-16,832471,美邦科技,18.0,17.71,18.17,17.25,67854,119547178.95,4.98,-4.22,-0.78,12.8
2025-05-16,300024,机器人,16.83,16.96,17.2,16.81,206877,352888063.01,2.3,0.24,0.04,1.35
2025-05-16,300790,宇瞳光学,20.88,21.13,21.74,20.68,126692,269741833.53,5.1,1.59,0.33,4.26
2025-05-16,600439,瑞贝卡,3.62,3.49,3.64,3.44,633879,224189100.0,5.49,-4.12,-0.15,5.6
2025-05-16,002586,*ST围海,3.25,3.25,3.25,3.2,40854,13182055.0,1.53,-0.31,-0.01,0.46
2025-05-16,831167,鑫汇科,28.03,29.0,29.25,28.0,27935,80373456.46,4.46,3.57,1.0,9.64
2025-05-16,688733,壹石通,16.56,16.66,16.82,16.52,11143,18633492.0,1.81,0.54,0.09,0.56
2025-05-16,838275,驱动力,11.5,11.92,12.24,11.13,79986,93444056.27,9.45,1.45,0.17,10.67
2025-05-16,605289,罗曼股份,26.75,27.44,27.7,26.63,47740,130375456.0,4.03,3.39,0.9,4.41
2025-05-16,301208,中亦科技,40.04,39.69,40.45,39.6,35022,140405096.4,2.1,-1.93,-0.78,7.14
2025-05-16,603341,龙旗科技,39.05,39.0,39.49,38.61,27498,107458463.0,2.27,0.39,0.15,1.03
2025-05-16,688573,信宇人,18.84,19.32,19.67,18.53,35332,68430427.0,6.05,2.55,0.48,6.8
2025-05-16,300342,天银机电,16.4,16.4,16.8,16.35,163281,270159498.01,2.72,-0.85,-0.14,3.91
2025-05-16,836247,华密新材,27.84,30.91,34.86,27.25,164691,521356769.27,27.14,10.24,2.87,18.74
2025-05-16,300868,杰美特,30.95,31.79,31.88,30.85,15243,48061430.6,3.32,2.38,0.74,1.89
2025-05-16,603125,常青科技,22.0,22.22,22.4,21.89,24636,54692820.0,2.33,1.46,0.32,3.53
2025-05-16,688275,万润新能,38.49,37.59,38.8,37.57,25661,97584666.0,3.2,-2.34,-0.9,3.03
2025-05-16,301616,浙江华业,45.5,44.8,45.95,44.68,34463,155681225.2,2.77,-2.38,-1.09,17.23
2025-05-16,688097,博众精工,25.09,25.21,25.95,25.09,39539,101101941.0,3.41,0.0,0.0,0.89
2025-05-16,600707,彩虹股份,6.61,6.63,6.68,6.59,113309,75159558.0,1.36,0.3,0.02,0.32
2025-05-16,002801,微光股份,32.65,33.82,34.06,32.65,44674,150596142.1,4.28,2.67,0.88,3.86
2025-05-16,688345,博力威,22.97,23.7,24.19,22.77,17900,42264551.0,6.18,3.18,0.73,1.79
2025-05-16,300466,赛摩智能,11.09,11.33,11.58,10.93,347846,393977362.6,5.86,2.16,0.24,8.28
2025-05-16,603277,银都股份,23.32,23.55,23.73,23.3,9752,22998092.0,1.84,0.6,0.14,0.23
2025-05-16,300476,胜宏科技,76.16,76.97,78.37,76.16,267335,2070741800.73,2.88,0.17,0.13,3.13
2025-05-16,600855,航天长峰,12.55,12.53,12.98,12.51,387949,492413329.0,3.71,-1.18,-0.15,8.3
2025-05-16,688327,云从科技-UW,13.31,13.33,13.56,13.2,153935,206661050.0,2.68,-0.74,-0.1,2.04
2025-05-16,601698,中国卫通,19.23,19.27,19.43,19.22,113743,219486356.0,1.09,0.0,0.0,0.27
2025-05-16,601117,中国化学,7.97,7.88,8.04,7.83,561977,443434101.0,2.62,-1.75,-0.14,0.93
2025-05-16,600699,均胜电子,17.2,18.59,18.59,17.2,663655,1210931830.0,8.22,10.0,1.69,4.85
2025-05-16,871642,通易航天,19.14,19.42,20.85,19.0,145269,289145580.22,9.33,-2.02,-0.4,14.42
2025-05-16,301180,万祥科技,13.55,13.59,13.73,13.5,23810,32473329.0,1.69,0.0,0.0,0.6
2025-05-16,430300,辰光医疗,19.03,19.54,20.86,19.0,132108,259908718.1,10.03,5.34,0.99,19.86
2025-05-16,688025,杰普特,49.79,50.54,50.94,49.77,11157,56422384.0,2.34,1.28,0.64,1.17
2025-05-16,301248,杰创智能,21.51,21.77,22.65,21.36,77217,169833035.5,5.96,0.65,0.14,7.56
2025-05-16,300033,同花顺,264.87,260.6,264.89,260.59,56452,1478240766.4,1.62,-1.74,-4.61,2.05
2025-05-16,603958,哈森股份,17.92,18.23,18.47,17.62,67818,123303557.0,4.74,1.73,0.31,3.09
2025-05-16,688767,博拓生物,43.43,42.96,43.73,42.6,8501,36470938.0,2.61,-0.83,-0.36,0.8
2025-05-16,000631,顺发恒业,2.88,2.88,2.89,2.85,46979,13468363.96,1.38,-0.35,-0.01,0.2
2025-05-16,600860,京城股份,12.02,12.11,12.5,12.01,121307,148789516.0,4.08,0.75,0.09,2.79
2025-05-16,300900,广联航空,21.74,21.8,22.37,21.73,86977,191425886.2,2.92,-0.59,-0.13,3.96
2025-05-16,603232,格尔软件,13.21,13.24,13.31,13.13,26480,35086923.0,1.36,0.08,0.01,1.14
2025-05-16,000420,吉林化纤,4.68,4.58,4.96,4.41,7342125,3417892404.94,12.2,1.55,0.07,29.87
2025-05-16,688215,瑞晟智能,30.44,31.04,31.61,30.16,9457,29425011.0,4.76,1.97,0.6,1.82
2025-05-16,300007,汉威科技,41.0,42.22,42.99,40.95,335722,1423178785.0,4.94,2.18,0.9,11.86
2025-05-16,300750,宁德时代,259.14,259.36,261.73,257.73,189001,4904611047.57,1.54,-0.32,-0.82,0.48
2025-05-16,003033,征和工业,51.21,51.35,53.37,50.5,26825,139913917.0,5.58,-0.17,-0.09,3.32
2025-05-16,301268,铭利达,17.3,17.43,17.7,17.24,18783,32922467.38,2.66,0.75,0.13,1.04
2025-05-16,301626,苏州天脉,72.43,76.01,76.9,72.0,35458,267256854.68,6.76,4.87,3.53,13.62
2025-05-16,600775,南京熊猫,9.85,9.87,9.92,9.81,127467,125700536.0,1.12,0.2,0.02,1.9
2025-05-16,002465,海格通信,10.4,10.44,10.62,10.33,293527,308087744.43,2.78,0.0,0.0,1.21
2025-05-16,834765,美之高,24.73,24.0,25.08,24.0,45758,112265608.16,4.2,-6.61,-1.7,10.4
2025-05-16,688392,骄成超声,49.6,49.51,51.29,49.5,9085,45623510.0,3.58,-1.06,-0.53,1.3
2025-05-16,871245,威博液压,35.16,34.74,35.45,34.65,12807,44782292.37,2.3,-0.14,-0.05,5.26
2025-05-16,301459,丰茂股份,52.73,54.79,55.36,52.6,20747,112603631.56,5.18,2.89,1.54,10.37
2025-05-16,002947,恒铭达,32.76,32.93,33.44,32.61,42112,139383143.62,2.53,0.18,0.06,2.19
2025-05-16,300475,香农芯创,30.32,29.68,30.78,29.61,179212,540311053.53,3.83,-2.78,-0.85,4.07
2025-05-16,603583,捷昌驱动,39.7,39.93,40.79,39.7,120521,485306518.0,2.75,0.6,0.24,3.15
2025-05-16,300952,恒辉安防,27.38,27.73,28.56,27.28,52615,147304202.44,4.67,1.17,0.32,5.81
2025-05-16,300245,天玑科技,18.03,17.6,18.18,17.56,263198,467471491.56,3.44,-2.28,-0.41,8.46
2025-05-16,603052,可川科技,36.5,37.15,37.5,36.5,11522,42823091.0,2.72,0.98,0.36,2.81
2025-05-16,837242,建邦科技,35.63,38.75,42.5,34.4,85222,327074717.51,23.04,10.21,3.59,23.27
2025-05-16,301278,快可电子,32.75,33.43,33.66,32.75,10096,33649987.63,2.77,1.67,0.55,2.88
2025-05-16,600318,新力金融,9.22,9.11,9.22,9.1,270579,247654354.0,1.3,-0.98,-0.09,5.28
2025-05-16,872374,云里物里,31.89,31.82,32.5,31.39,12316,39421409.01,3.48,-0.22,-0.07,3.64
2025-05-16,600862,中航高科,23.33,23.24,23.66,23.22,121692,284695590.0,1.88,-0.51,-0.12,0.87
2025-05-16,002527,新时达,15.87,16.07,16.32,15.76,242059,390642967.77,3.52,1.01,0.16,4.58
2025-05-16,300827,上能电气,29.2,29.21,30.05,29.12,83265,245555478.49,3.18,0.03,0.01,3.13
2025-05-16,603296,华勤技术,69.93,73.96,75.39,69.91,227991,1670151542.0,7.78,5.01,3.53,3.99
2025-05-16,300626,华瑞股份,10.35,10.37,10.53,10.28,46207,48213677.0,2.42,0.19,0.02,2.61
2025-05-16,000065,北方国际,11.15,10.93,11.17,10.91,283881,312031148.01,2.3,-3.36,-0.38,2.91
2025-05-16,688559,海目星,31.15,30.94,31.78,30.87,31470,98564718.0,2.92,-0.83,-0.26,1.28
2025-05-16,836077,吉林碳谷,15.25,14.48,15.71,14.2,322986,477625221.35,9.7,-6.94,-1.08,10.19
2025-05-16,688127,蓝特光学,23.17,23.25,23.75,23.09,29044,67980652.0,2.85,0.35,0.08,0.72
2025-05-16,300757,罗博特科,133.8,142.26,148.0,133.62,105178,1486484784.8,10.72,6.05,8.11,7.1
2025-05-16,688027,国盾量子,242.71,243.0,244.8,242.33,5821,141654848.0,1.01,-0.25,-0.61,0.72
2025-05-16,301512,智信精密,39.06,39.25,39.96,38.87,7116,28204678.15,2.79,0.49,0.19,2.87
2025-05-16,603728,鸣志电器,62.2,61.99,63.89,61.85,93771,590100402.0,3.29,-0.11,-0.07,2.24
2025-05-16,301067,显盈科技,30.25,30.04,31.2,29.95,47236,144107129.58,4.09,-1.7,-0.52,7.4
2025-05-16,301226,祥明智能,27.8,27.88,28.48,27.46,26498,74449953.6,3.7,1.12,0.31,2.44
2025-05-16,002810,山东赫达,11.92,12.04,12.15,11.76,60898,72493469.5,3.26,0.67,0.08,1.9
2025-05-16,601021,春秋航空,56.8,56.83,56.97,56.05,26245,148328888.0,1.61,-0.25,-0.14,0.27
2025-05-16,300045,华力创通,18.27,18.18,18.58,18.18,102634,188656740.0,2.2,-0.16,-0.03,1.99
2025-05-16,002049,紫光国微,64.2,64.35,64.82,63.76,99959,641858810.94,1.65,0.06,0.04,1.18
2025-05-16,832978,开特股份,24.17,24.69,25.35,24.17,41078,102116017.43,4.8,0.45,0.11,4.1
2025-05-16,688096,京源环保,18.7,17.49,18.7,16.72,104839,183180491.0,10.26,-9.38,-1.81,6.33
2025-05-16,002201,九鼎新材,6.35,6.43,6.54,6.35,144274,93303633.36,2.97,0.63,0.04,2.4
2025-05-16,688523,航天环宇,20.19,20.07,20.59,19.96,25133,50665560.0,3.11,-0.79,-0.16,2.95
2025-05-16,873001,纬达光电,21.5,22.34,22.5,21.49,41129,91204563.5,4.65,2.9,0.63,4.64
2025-05-16,603011,合锻智能,12.69,13.03,13.57,12.45,1364648,1805381794.0,9.08,5.59,0.69,27.6
2025-05-16,688227,品高股份,35.93,35.45,36.59,35.39,16619,59640867.0,3.34,-1.36,-0.49,2.59
2025-05-16,301396,宏景科技,96.91,96.2,100.58,96.0,106801,1044601859.1,4.65,-2.34,-2.3,19.65
2025-05-16,002179,中航光电,39.53,39.82,39.99,39.35,105282,418496191.44,1.62,0.56,0.22,0.51
2025-05-16,920128,胜业电气,32.45,34.5,34.99,32.13,42992,145936805.94,8.83,6.48,2.1,20.77
2025-05-16,300539,横河精密,14.34,14.58,15.08,14.32,93278,137780403.8,5.28,1.25,0.18,5.44
2025-05-16,300842,帝科股份,39.72,40.12,40.74,39.66,33370,134112617.2,2.71,0.8,0.32,2.64
2025-05-16,600438,通威股份,17.1,17.22,17.44,17.1,343051,591615305.0,1.98,0.12,0.02,0.76
2025-05-16,301299,卓创资讯,59.39,58.78,59.68,58.7,10883,64444327.0,1.65,-1.03,-0.61,3.09
2025-05-16,000547,航天发展,7.25,7.22,7.39,7.22,143503,104545143.18,2.34,-0.55,-0.04,0.9
2025-05-16,000158,常山北明,24.16,24.48,24.86,24.05,911018,2231652721.53,3.3,-0.37,-0.09,5.74
2025-05-16,688561,奇安信-U,30.73,30.72,31.25,30.64,31608,97816137.0,1.98,-0.26,-0.08,0.46
2025-05-16,688595,芯海科技,40.87,41.03,42.2,40.29,61982,256929548.0,4.72,1.31,0.53,4.35
2025-05-16,600892,*ST大晟,3.07,2.89,3.07,2.87,313106,92510090.0,6.85,-1.03,-0.03,5.6
2025-05-16,688510,航亚科技,17.88,17.96,18.31,17.85,54375,98122015.0,2.56,-0.17,-0.03,2.1
2025-05-16,603713,密尔克卫,48.26,48.2,48.93,47.91,16452,79512339.0,2.1,-0.66,-0.32,1.04
2025-05-16,600765,中航重机,16.18,16.14,16.45,16.12,172601,280392816.0,2.04,-0.25,-0.04,1.17
2025-05-16,300068,南都电源,14.82,14.67,14.96,14.64,215985,319420040.45,2.16,-1.01,-0.15,2.53
2025-05-16,688172,燕东微,18.94,18.96,19.15,18.93,17863,33985211.0,1.16,-0.42,-0.08,0.31
2025-05-16,300455,航天智装,12.51,12.51,12.81,12.51,64767,81790831.0,2.39,-0.4,-0.05,0.91
2025-05-16,836414,欧普泰,13.59,13.69,14.02,13.51,24454,33641907.26,3.73,0.0,0.0,4.42
2025-05-16,300846,首都在线,19.71,20.08,20.46,19.62,434782,871797190.68,4.15,-0.74,-0.15,11.1
2025-05-16,603758,秦安股份,12.18,13.5,13.5,12.18,185623,245425861.0,10.76,10.02,1.23,4.23
2025-05-16,300515,三德科技,15.75,16.0,16.28,15.6,45628,73171920.0,4.33,1.91,0.3,2.53
2025-05-16,605198,安德利,57.4,58.3,59.16,56.0,48805,280844993.0,5.25,-3.16,-1.9,1.95
2025-05-16,688033,天宜上佳,5.8,6.1,6.25,5.8,252756,155289469.0,7.69,4.27,0.25,4.5
2025-05-16,300482,万孚生物,21.6,21.61,21.79,21.46,53114,114827637.34,1.54,1.12,0.24,1.23
2025-05-16,688416,恒烁股份,37.3,37.0,37.7,36.93,8975,33470098.0,2.07,-0.59,-0.22,1.88
2025-05-16,603997,继峰股份,13.1,13.65,13.71,13.1,153026,206730459.0,4.61,3.17,0.42,1.21
2025-05-16,688332,中科蓝讯,94.2,94.58,95.86,93.3,12615,119587700.0,2.71,0.06,0.06,2.87
2025-05-16,002403,爱仕达,14.11,14.4,14.73,14.11,79078,114322519.92,4.35,0.98,0.14,2.66
2025-05-16,300502,新易盛,115.82,118.6,121.56,114.82,378028,4500231761.47,5.82,2.34,2.71,6.0
2025-05-16,300965,恒宇信通,43.0,43.67,43.92,42.28,13678,59007691.0,3.77,0.3,0.13,6.64
2025-05-16,000901,航天科技,11.11,11.12,11.33,11.1,129484,145318835.25,2.07,0.09,0.01,1.62
2025-05-16,603985,恒润股份,17.97,17.88,18.09,17.76,111071,198932244.0,1.84,-0.06,-0.01,2.52
2025-05-16,600151,航天机电,6.63,6.68,6.75,6.62,97481,65343414.0,1.95,0.45,0.03,0.68
2025-05-16,300136,信维通信,20.66,20.78,20.98,20.63,85194,177735393.23,1.68,-0.05,-0.01,1.03
2025-05-16,688528,秦川物联,9.44,9.5,9.62,9.37,11650,11128755.0,2.66,1.17,0.11,0.69
2025-05-16,301076,新瀚新材,37.12,42.5,43.74,36.94,325778,1351875079.52,18.66,16.6,6.05,38.57
2025-05-16,600076,康欣新材,2.26,2.23,2.3,2.21,362714,81170041.0,3.98,-1.33,-0.03,2.7
2025-05-16,688613,奥精医疗,16.3,16.28,16.49,16.21,10450,17093120.0,1.73,0.43,0.07,0.76
2025-05-16,688090,瑞松科技,43.96,44.26,45.16,43.96,13420,59828866.0,2.69,-0.61,-0.27,1.42
2025-05-16,002058,*ST威尔,10.15,9.98,10.22,9.97,21837,21946048.0,2.44,-2.44,-0.25,1.53
2025-05-16,688682,霍莱沃,38.21,37.46,38.97,37.38,20084,76218252.0,4.12,-2.9,-1.12,2.76
2025-05-16,001696,宗申动力,23.0,22.93,23.36,22.9,335464,775073953.15,1.99,-0.56,-0.13,3.76
2025-05-16,001382,新亚电缆,22.49,22.24,22.79,22.2,73210,164603732.54,2.6,-2.07,-0.47,12.17
2025-05-16,300345,华民股份,8.51,8.61,8.83,8.39,232414,200062577.1,5.13,0.47,0.04,5.24
2025-05-16,300222,科大智能,10.13,10.08,10.22,10.01,107970,109537397.9,2.09,0.2,0.02,1.7
2025-05-16,600571,信雅达,15.38,15.45,15.57,15.29,273076,421238408.0,1.79,-1.09,-0.17,5.97
2025-05-16,301665,泰禾股份,29.71,31.1,31.51,29.09,113313,346372691.8,7.99,2.71,0.82,31.56
2025-05-16,300397,天和防务,12.28,12.14,12.88,12.11,279982,345776643.45,6.32,-0.33,-0.04,6.9
2025-05-16,002026,山东威达,10.84,11.24,11.54,10.8,206558,232381658.17,6.83,3.69,0.4,4.82
2025-05-16,603668,天马科技,13.71,13.59,13.73,13.51,44499,60665964.0,1.6,-0.88,-0.12,0.89
2025-05-16,002664,信质集团,20.79,21.66,22.67,20.28,783563,1674461129.52,11.5,4.18,0.87,19.46
2025-05-16,600343,航天动力,11.7,11.87,12.38,11.6,189248,228310068.0,6.66,1.28,0.15,2.97
2025-05-16,688017,绿的谐波,139.8,140.68,143.39,139.0,26908,382046689.0,3.14,0.47,0.66,1.59
2025-05-16,301363,美好医疗,24.35,24.4,24.48,24.14,28162,68484385.57,1.39,-0.08,-0.02,2.51
2025-05-16,603111,康尼机电,6.42,6.45,6.52,6.42,62069,40164731.0,1.55,0.0,0.0,0.73
2025-05-16,603726,朗迪集团,15.31,15.49,15.62,15.21,23804,36802077.0,2.68,1.37,0.21,1.29
2025-05-16,300793,佳禾智能,16.21,16.3,16.57,16.12,94551,154772625.0,2.75,-0.55,-0.09,2.54
2025-05-16,688223,晶科能源,5.62,5.61,5.66,5.6,225578,126934513.0,1.07,-0.18,-0.01,0.23
2025-05-16,603005,晶方科技,27.51,27.55,27.96,27.49,191218,529781919.0,1.7,-0.54,-0.15,2.93
2025-05-16,688175,高凌信息,17.4,17.5,17.77,17.2,9569,16819847.0,3.28,0.63,0.11,1.31
2025-05-16,300211,*ST亿通,6.22,6.2,6.29,6.1,89367,55386696.8,3.05,-0.48,-0.03,2.99
2025-05-16,873693,阿为特,43.95,43.49,43.95,42.98,9328,40538138.88,2.23,-0.05,-0.02,2.55
2025-05-16,002457,青龙管业,11.93,11.76,12.06,11.71,219541,260504385.68,2.98,0.0,0.0,6.59
2025-05-16,300337,银邦股份,10.44,10.53,10.78,10.43,114981,122251343.6,3.33,0.19,0.02,1.62
2025-05-16,002933,新兴装备,34.58,34.82,35.29,34.3,32460,113619202.0,2.85,0.32,0.11,2.85
2025-05-16,002170,芭田股份,10.34,10.79,10.9,10.33,357288,381508151.98,5.49,3.95,0.41,5.01
2025-05-16,688533,上声电子,26.36,26.29,26.84,26.24,13575,36119095.0,2.28,-0.27,-0.07,0.83
2025-05-16,600580,卧龙电驱,24.78,25.02,25.45,24.73,477096,1201476253.0,2.89,0.32,0.08,3.66
2025-05-16,301219,腾远钴业,46.56,47.23,47.77,46.56,38488,182129658.09,2.58,0.77,0.36,2.24
2025-05-16,688160,步科股份,95.71,93.68,98.95,93.38,16750,160657193.0,5.76,-3.09,-2.99,1.99
2025-05-16,300034,钢研高纳,15.66,15.52,16.04,15.51,104067,163933271.91,3.38,-0.96,-0.15,1.36
2025-05-16,688707,振华新材,11.48,11.55,11.71,11.48,24131,28037310.0,2.0,0.43,0.05,0.47
2025-05-16,002741,光华科技,15.08,15.14,15.49,14.96,103851,158067647.06,3.51,0.26,0.04,2.44
2025-05-16,920167,同享科技,21.08,20.71,21.36,20.7,20582,43217168.17,3.16,-0.96,-0.2,3.15
2025-05-16,000837,秦川机床,13.36,13.5,13.97,13.29,998585,1365225048.52,4.93,-2.03,-0.28,9.91
2025-05-16,300691,联合光电,17.55,17.86,18.16,17.54,38714,69243120.0,3.52,1.42,0.25,1.84
2025-05-16,002254,泰和新材,10.35,10.3,10.46,10.26,161706,167171722.5,1.92,-1.06,-0.11,1.98
2025-05-16,603659,璞泰来,17.08,17.24,17.27,16.92,115587,197790020.0,2.04,0.64,0.11,0.54
2025-05-16,688151,华强科技,17.37,17.14,17.46,17.12,11804,20383094.0,1.97,-0.58,-0.1,1.16
2025-05-16,301092,争光股份,30.89,30.77,32.88,30.6,75998,241586299.6,7.38,-0.39,-0.12,12.55
2025-05-16,300213,佳讯飞鸿,8.26,8.22,8.35,8.15,166537,137876092.44,2.44,0.24,0.02,3.05
2025-05-16,300046,台基股份,30.56,30.34,30.85,30.34,59120,180897627.98,1.66,-1.04,-0.32,2.5
2025-05-16,002837,英维克,32.91,32.76,33.48,32.72,164803,544608923.28,2.29,-1.12,-0.37,2.54
2025-05-16,688218,江苏北人,21.13,22.23,22.45,21.13,73397,162184325.0,6.21,4.61,0.98,6.19
2025-05-16,301000,肇民科技,50.0,50.97,52.3,50.0,137361,704656823.42,4.59,1.66,0.83,6.0
2025-05-16,300947,德必集团,21.39,21.1,21.49,20.14,135049,281250105.9,6.48,1.25,0.26,8.94
2025-05-16,002634,棒杰股份,3.97,3.96,3.99,3.9,109243,43054348.0,2.28,0.25,0.01,2.45
2025-05-16,002642,荣联科技,7.53,7.54,7.63,7.52,165915,125647040.5,1.45,-0.79,-0.06,2.51
2025-05-16,603880,南卫股份,5.48,5.45,5.54,5.38,48386,26248672.0,2.93,-0.37,-0.02,1.67
2025-05-16,301535,浙江华远,20.7,21.52,21.88,20.56,215532,459755963.45,6.29,2.62,0.55,35.98
2025-05-16,688499,利元亨,27.11,27.49,27.85,27.09,36141,99637431.0,2.8,1.44,0.39,2.14
2025-05-16,000070,ST特信,6.41,6.43,6.45,6.38,56512,36257511.4,1.09,0.47,0.03,0.64
2025-05-16,300491,通合科技,18.46,18.46,18.94,18.25,54703,101949168.2,3.76,0.65,0.12,3.53
2025-05-16,601012,隆基绿能,15.08,15.15,15.18,15.05,437808,661757848.0,0.86,0.4,0.06,0.58
2025-05-16,601111,中国国航,7.57,7.61,7.61,7.48,479852,362808894.0,1.72,0.66,0.05,0.41
2025-05-16,301200,大族数控,38.74,39.71,39.72,38.69,14756,58052408.04,2.66,2.5,0.97,2.53
2025-05-16,300719,安达维尔,19.14,18.07,19.2,17.96,293097,537399004.82,6.44,-6.13,-1.18,16.32
2025-05-16,600271,航天信息,8.61,8.52,8.63,8.52,99590,85337141.0,1.27,-1.5,-0.13,0.54
2025-05-16,688686,奥普特,87.77,87.61,90.0,86.8,8580,75763890.0,3.65,-0.18,-0.16,0.7
2025-05-16,002519,银河电子,4.63,4.63,4.71,4.61,249484,116349355.0,2.15,-0.43,-0.02,2.23
2025-05-16,831305,海希通讯,20.76,20.98,21.1,20.68,21084,44120751.31,2.01,0.19,0.04,1.92
2025-05-16,300351,永贵电器,15.68,15.7,15.94,15.65,43912,69514253.64,1.84,-0.19,-0.03,1.68
2025-05-16,600810,神马股份,8.81,9.02,9.15,8.74,323356,290067741.0,4.61,1.46,0.13,3.22
2025-05-16,300099,尤洛卡,6.88,6.91,7.06,6.84,255469,178084269.17,3.17,-0.29,-0.02,4.39
2025-05-16,002670,国盛金控,12.32,12.22,12.36,12.21,183608,224991898.97,1.21,-1.13,-0.14,1.13
2025-05-16,300490,华自科技,7.68,7.74,7.82,7.68,47356,36743515.0,1.82,0.52,0.04,1.2
2025-05-16,301596,瑞迪智驱,131.08,136.52,139.22,131.02,20633,281416800.0,6.19,3.09,4.09,8.34
2025-05-16,002028,思源电气,73.4,73.95,74.67,73.27,25633,190044522.88,1.9,0.6,0.44,0.42
2025-05-16,430564,天润科技,25.05,24.85,25.5,24.62,40563,101394039.6,3.42,-3.46,-0.89,12.01
2025-05-16,688116,天奈科技,43.69,43.22,44.65,43.06,72441,317236875.0,3.62,-1.57,-0.69,2.1
2025-05-16,300430,诚益通,19.98,19.22,19.98,19.03,238406,459088954.24,4.81,-2.68,-0.53,9.17
2025-05-16,300465,高伟达,14.38,14.38,14.56,14.21,98099,141485134.14,2.4,-1.24,-0.18,2.21
2025-05-16,688518,联赢激光,16.33,16.52,16.95,16.26,54917,91183923.0,4.22,0.98,0.16,1.61
2025-05-16,002984,森麒麟,18.9,18.88,19.04,18.87,140954,266848605.64,0.89,-0.74,-0.14,1.98
2025-05-16,688630,芯碁微装,71.2,71.79,72.48,70.71,17282,124164133.0,2.47,-0.01,-0.01,1.31
2025-05-16,688563,航材股份,53.5,53.62,54.58,53.5,9466,51073553.0,2.01,-0.15,-0.08,0.82
2025-05-16,601138,工业富联,19.0,19.22,19.29,18.87,537079,1028660417.0,2.2,0.63,0.12,0.27
2025-05-16,688676,金盘科技,33.03,32.84,33.38,32.81,67100,221822787.0,1.72,-1.05,-0.35,1.46
2025-05-16,000561,烽火电子,7.83,7.81,7.97,7.78,81451,63971799.0,2.42,-0.64,-0.05,1.35
2025-05-16,002713,*ST东易,4.95,4.75,4.99,4.75,327481,158299852.8,4.8,-5.0,-0.25,7.98
2025-05-16,002685,华东重机,7.45,7.77,7.9,7.41,825791,643142499.27,6.55,3.88,0.29,8.2
2025-05-16,300333,兆日科技,11.49,11.47,11.64,11.44,89901,103722145.0,1.73,-0.78,-0.09,2.69
2025-05-16,002459,晶澳科技,9.67,9.67,9.86,9.64,480817,467304631.49,2.28,0.0,0.0,1.45
2025-05-16,832876,慧为智能,39.85,40.0,43.62,39.6,83602,346916702.4,9.8,-2.44,-1.0,21.63
2025-05-16,002896,中大力德,84.12,84.45,86.72,84.11,78382,671123154.34,3.07,-0.78,-0.66,5.18
2025-05-16,002985,北摩高科,26.9,27.04,27.62,26.9,45685,124439706.93,2.66,-0.18,-0.05,2.31
2025-05-16,301367,怡和嘉业,82.24,83.32,84.98,81.53,14924,124745560.2,4.2,1.31,1.08,2.64
2025-05-16,300296,利亚德,6.12,6.13,6.21,6.1,473969,292356160.44,1.79,-0.16,-0.01,2.08
2025-05-16,688525,佰维存储,61.0,61.29,61.84,61.0,56960,349500967.0,1.37,-0.31,-0.19,1.8
2025-05-16,002883,中设股份,11.1,10.84,11.16,10.55,77043,83419800.8,5.54,-1.54,-0.17,5.86
2025-05-16,688709,成都华微,32.98,32.88,33.22,32.6,32836,107897744.0,1.89,0.06,0.02,1.51
2025-05-16,600764,中国海防,27.75,27.77,28.09,27.65,34711,96653360.0,1.59,0.07,0.02,0.49
2025-05-16,836239,长虹能源,45.01,45.33,45.95,44.3,26109,118315779.6,3.67,0.73,0.33,5.25
2025-05-16,300394,天孚通信,72.89,74.29,75.14,72.6,137463,1022159466.64,3.47,1.39,1.02,2.48
2025-05-16,301005,超捷股份,32.13,32.66,33.27,32.1,36391,119582558.4,3.63,1.21,0.39,2.75
2025-05-16,688480,赛恩斯,33.28,33.79,34.15,33.27,2160,7302183.0,2.6,-0.03,-0.01,0.34
2025-05-16,831278,泰德股份,14.04,14.19,14.5,13.91,53900,76937373.83,4.23,1.79,0.25,5.53
2025-05-16,002617,露笑科技,7.39,7.4,7.52,7.35,329601,245625336.4,2.28,-0.54,-0.04,1.74
2025-05-16,301238,瑞泰新材,17.11,17.11,17.3,17.01,44849,77015944.33,1.7,0.18,0.03,2.1
2025-05-16,300298,三诺生物,21.61,21.6,21.77,21.5,26276,56898984.96,1.25,-0.05,-0.01,0.58
2025-05-16,000100,TCL科技,4.27,4.33,4.35,4.26,1404213,605807059.04,2.1,0.93,0.04,0.78
2025-05-16,600095,湘财股份,8.12,8.07,8.17,8.06,411300,332985587.0,1.36,-0.25,-0.02,1.44
2025-05-16,300843,胜蓝股份,28.35,28.48,28.88,28.09,21908,62784157.8,2.79,0.53,0.15,1.41
2025-05-16,603082,北自科技,39.0,39.4,39.66,39.0,17600,69454965.0,1.69,0.77,0.3,4.34
2025-05-16,300159,*ST新研,2.06,2.09,2.14,2.05,499856,104614307.15,4.33,0.48,0.01,3.4
2025-05-16,002373,千方科技,9.27,9.27,9.35,9.23,92569,86123712.0,1.29,0.0,0.0,0.67
2025-05-16,601162,天风证券,4.05,4.02,4.06,4.01,1452574,584860215.0,1.23,-0.99,-0.04,1.68
2025-05-16,002970,锐明技术,52.54,54.51,56.09,51.03,112400,610521210.23,9.92,6.9,3.52,9.36
2025-05-16,835892,中科美菱,20.0,20.0,20.43,19.72,38715,77657416.96,3.51,-0.99,-0.2,13.88
2025-05-16,300593,新雷能,14.52,14.23,14.9,14.21,84071,121785869.66,4.73,-2.47,-0.36,1.87
2025-05-16,688312,燕麦科技,24.88,25.29,26.22,24.68,42575,108090841.0,6.19,1.73,0.43,2.94
2025-05-16,832419,路斯股份,23.23,25.32,26.1,22.68,113644,280155371.88,14.43,6.84,1.62,12.14
2025-05-16,688045,必易微,32.2,32.3,32.7,32.1,11018,35718472.0,1.86,0.31,0.1,2.92
2025-05-16,300920,润阳科技,31.88,32.7,33.23,31.88,25814,84132772.72,4.23,2.57,0.82,3.93
2025-05-16,300393,中来股份,5.48,5.49,5.56,5.45,132209,72821062.73,2.01,0.18,0.01,1.39
2025-05-16,301001,凯淳股份,31.39,32.5,32.96,30.05,77893,244400128.39,8.83,-1.37,-0.45,15.49
2025-05-16,002356,赫美集团,2.98,3.01,3.02,2.96,96000,28712657.1,2.01,1.01,0.03,0.73
2025-05-16,834950,迅安科技,23.67,23.84,24.26,23.5,10801,25813376.29,3.22,1.1,0.26,3.5
2025-05-16,603063,禾望电气,29.88,29.76,30.49,29.73,139232,417562386.0,2.53,-1.1,-0.33,3.07
2025-05-16,300953,震裕科技,145.55,150.84,153.6,145.52,58829,884429102.92,5.52,2.96,4.34,6.55
2025-05-16,688580,伟思医疗,46.18,46.83,47.43,46.01,27739,130065898.0,3.07,1.41,0.65,2.9
2025-05-16,001317,三羊马,39.19,43.49,43.49,39.19,70019,294593816.95,10.88,9.99,3.95,16.68
2025-05-16,603629,利通电子,24.0,24.41,25.3,23.86,133838,328862762.0,5.98,1.33,0.32,5.22
2025-05-16,300619,金银河,24.61,25.18,25.5,24.61,15306,38565608.1,3.58,1.37,0.34,1.39
2025-05-16,920799,艾融软件,59.83,59.9,60.36,59.62,35888,215237174.35,1.23,-0.22,-0.13,3.05
2025-05-16,002976,瑞玛精密,22.41,23.22,23.5,22.41,25863,59960323.4,4.83,2.83,0.64,3.97
2025-05-16,301357,北方长龙,36.35,36.04,37.28,35.95,21723,79196338.8,3.66,-0.88,-0.32,9.13
2025-05-16,301365,矩阵股份,18.14,17.35,18.26,16.94,50120,87054514.0,7.54,-0.86,-0.15,10.81
2025-05-16,000819,岳阳兴长,14.4,14.49,14.7,14.33,22321,32421085.85,2.56,0.07,0.01,0.64
2025-05-16,301328,维峰电子,39.51,40.43,40.85,39.51,13331,53893147.0,3.36,1.4,0.56,3.91
2025-05-16,002460,赣锋锂业,31.0,30.98,31.31,30.92,109922,341625943.0,1.25,-0.67,-0.21,0.91
2025-05-16,002446,盛路通信,6.57,6.64,6.71,6.57,201087,133903903.57,2.12,0.61,0.04,2.37
2025-05-16,002990,盛视科技,25.66,25.88,26.27,25.53,20423,53018552.82,2.89,1.05,0.27,1.52
2025-05-16,300707,威唐工业,13.68,13.91,14.07,13.67,63886,89085401.0,2.91,1.31,0.18,4.46
2025-05-16,688225,亚信安全,20.23,20.5,20.79,19.92,26819,54832757.0,4.3,1.38,0.28,1.28
2025-05-16,831689,克莱特,42.99,44.37,46.91,42.0,82343,368545041.05,11.55,4.4,1.87,21.71
2025-05-16,870726,鸿智科技,28.01,27.57,28.34,27.5,25239,70540596.46,2.97,-2.51,-0.71,4.6
2025-05-16,688015,交控科技,20.15,20.2,20.31,19.93,8677,17506239.0,1.9,0.95,0.19,0.46
2025-05-16,300623,捷捷微电,29.57,29.28,29.74,29.27,67119,198049312.96,1.59,-0.85,-0.25,0.94
2025-05-16,688112,鼎阳科技,35.49,36.8,37.79,35.49,21773,80541809.0,6.42,2.65,0.95,1.37
2025-05-16,835184,国源科技,15.2,15.19,15.47,15.08,28262,43148259.64,2.55,-0.78,-0.12,3.22
2025-05-16,600183,生益科技,27.27,27.32,28.0,27.11,249329,683513873.0,3.2,-1.76,-0.49,1.05
2025-05-16,832662,方盛股份,25.4,26.18,26.65,25.31,27348,71001939.42,5.23,2.23,0.57,11.13
2025-05-16,688475,萤石网络,33.43,33.47,33.78,33.31,17885,60044749.0,1.41,0.06,0.02,0.44
2025-05-16,688107,安路科技,26.67,26.8,27.09,26.65,15436,41519114.0,1.65,0.37,0.1,0.39
2025-05-16,002599,盛通股份,9.3,9.57,9.69,9.12,499516,471770105.5,6.09,2.24,0.21,12.4
2025-05-16,603068,博通集成,32.38,32.72,33.1,32.35,25006,81976939.0,2.31,0.74,0.24,1.66
2025-05-16,688281,华秦科技,75.0,74.75,75.65,74.63,8796,66050567.0,1.36,-0.36,-0.27,0.72
2025-05-16,600030,中信证券,26.47,26.21,26.68,26.13,714800,1878231801.0,2.07,-1.39,-0.37,0.59
2025-05-16,839493,并行科技,159.0,159.96,163.19,154.3,25526,405914153.53,5.52,-0.65,-1.04,7.87
2025-05-16,831832,科达自控,27.8,27.78,28.28,27.31,20704,57654875.96,3.52,0.76,0.21,3.33
2025-05-16,688002,睿创微纳,57.2,57.61,58.54,57.2,23677,136974426.0,2.32,-0.16,-0.09,0.52
2025-05-16,300586,美联新材,9.32,9.32,9.76,9.3,246135,234759969.84,4.88,-1.06,-0.1,4.6
2025-05-16,001282,三联锻造,27.7,28.25,28.93,27.7,36762,104817411.0,4.41,1.25,0.35,6.58
2025-05-16,601137,博威合金,18.03,18.08,18.26,18.03,73601,133758346.0,1.27,0.17,0.03,0.91
2025-05-16,002899,英派斯,19.59,20.14,20.38,19.48,38451,77089497.0,4.55,1.92,0.38,2.6
2025-05-16,688615,合合信息,230.22,229.69,232.0,228.76,5903,135904795.0,1.4,-0.83,-1.93,2.95
2025-05-16,300660,江苏雷利,60.04,60.04,62.47,59.9,118560,727100307.56,4.26,-0.41,-0.25,3.72
2025-05-16,300445,康斯特,17.4,17.5,17.67,17.19,28967,50768725.0,2.78,1.27,0.22,2.04
2025-05-16,002046,国机精工,15.77,16.3,16.58,15.77,279497,455968626.16,5.12,2.97,0.47,5.3
2025-05-16,605069,正和生态,10.2,10.47,10.55,10.0,150876,155487215.0,5.36,2.05,0.21,17.93
2025-05-16,603093,南华期货,13.02,12.8,13.04,12.77,67698,87006631.0,2.08,-1.31,-0.17,1.11
2025-05-16,002180,纳思达,21.7,21.64,21.9,21.62,124451,270525193.78,1.28,-0.69,-0.15,0.92
2025-05-16,600203,福日电子,9.46,9.55,9.71,9.33,285227,272691642.0,4.03,1.38,0.13,4.81
2025-05-16,600690,海尔智家,25.9,25.68,25.96,25.5,377361,966386112.0,1.77,-1.31,-0.34,0.6
2025-05-16,688659,元琛科技,7.66,7.76,7.81,7.66,17094,13260665.0,1.94,0.52,0.04,1.07
2025-05-16,002127,南极电商,4.44,4.69,4.9,4.43,1441768,677871729.46,10.49,4.69,0.21,7.28
2025-05-16,920116,星图测控,74.5,74.1,75.26,73.54,22012,163728722.93,2.31,-0.54,-0.4,6.02
2025-05-16,300545,联得装备,29.4,29.66,30.12,29.2,22545,67303847.8,3.12,0.54,0.16,1.97
2025-05-16,301601,惠通科技,34.81,35.17,35.28,34.55,25105,87775704.06,2.08,0.43,0.15,8.38
2025-05-16,688311,盟升电子,37.1,36.59,37.54,36.5,16545,61065881.0,2.81,-1.05,-0.39,0.99
2025-05-16,688006,杭可科技,17.62,17.5,17.75,17.46,17959,31587044.0,1.65,-0.51,-0.09,0.3
2025-05-16,688039,当虹科技,32.52,32.8,33.14,32.16,14421,47361538.0,3.01,0.61,0.2,1.29
2025-05-16,002849,威星智能,18.68,16.97,18.68,16.97,215040,370223912.0,9.07,-10.02,-1.89,11.32
2025-05-16,003009,中天火箭,37.2,37.05,37.77,37.01,12432,46309612.0,2.04,-0.72,-0.27,0.8
2025-05-16,430418,苏轴股份,40.29,41.52,42.07,40.1,61004,252715130.0,4.83,1.89,0.77,4.69
2025-05-16,002861,瀛通通讯,14.04,14.05,14.2,13.9,97998,137993165.38,2.14,0.0,0.0,6.53
2025-05-16,002587,奥拓电子,5.9,5.94,6.01,5.9,92365,55078681.0,1.85,0.17,0.01,1.79
2025-05-16,605018,长华集团,11.2,11.78,12.19,11.2,135729,159686153.0,8.78,4.43,0.5,2.89
2025-05-16,301397,溯联股份,34.41,34.58,35.35,34.36,18433,64211286.12,2.87,0.09,0.03,3.36
2025-05-16,600435,北方导航,11.3,11.28,11.6,11.2,283214,322894981.0,3.52,-0.7,-0.08,1.88
2025-05-16,838971,天马新材,29.6,31.3,31.3,29.01,50377,152469897.57,7.79,6.5,1.91,5.97
2025-05-16,300716,ST泉为,6.84,6.95,6.98,6.8,31826,21921158.0,2.64,1.76,0.12,1.99
2025-05-16,601608,中信重工,4.5,4.58,4.69,4.49,1017925,470044151.0,4.42,1.33,0.06,2.24
2025-05-16,002287,奇正藏药,24.87,25.55,25.7,24.76,35250,89206124.02,3.78,2.65,0.66,0.67
2025-05-16,688429,时创能源,13.66,13.78,13.95,13.62,10237,14154263.0,2.43,1.4,0.19,0.87
