股票代码,股票名称
873169,七丰精工
430425,乐创技术
301311,昆船智能
300946,恒而达
302132,中航成飞
300607,拓斯达
300581,晨曦航空
688552,航天南湖
688648,中邮科技
301302,华如科技
301662,宏工科技
871263,莱赛激光
833943,优机股份
300643,万通智控
688511,*ST天微
300949,奥雅股份
300726,宏达电子
688115,思林杰
833454,同心传动
300652,雷迪克
871753,天纺标
300587,天铁科技
301251,威尔高
688165,埃夫特-U
301325,曼恩斯特
688081,兴图新科
833171,国航远洋
300866,安克创新
300609,汇纳科技
300328,宜安科技
301048,金鹰重工
300377,赢时胜
688433,华曙高科
688297,中无人机
838670,恒进感应
300923,研奥股份
301040,中环海陆
301255,通力科技
301225,恒勃股份
300907,康平科技
688228,开普云
301381,赛维时代
688598,金博股份
002471,中超控股
605055,迎丰股份
603291,联合水务
603028,赛福天
603332,苏州龙杰
603906,龙蟠科技
002547,春兴精工
002860,星帅尔
002809,红墙股份
603595,东尼电子
002413,雷科防务
603286,日盈电子
600184,光电股份
603712,七一二
000678,襄阳轴承
002190,成飞集成
002977,天箭科技
603579,荣泰健康
002347,泰尔股份
603267,鸿远电子
000997,新 大 陆
603338,浙江鼎力
002779,中坚科技
002551,尚荣医疗
002290,禾盛新材
603416,信捷电气
002981,朝阳科技
600562,国睿科技
002735,王子新材
002931,锋龙股份
603600,永艺股份
002364,中恒电气
600281,华阳新材
603657,春光科技
002514,宝馨科技
002892,科力尔
001356,富岭股份
600523,贵航股份
002331,皖通科技
002651,利君股份
603488,展鹏科技
000559,万向钱潮
688360,德马科技
300747,锐科激光
301023,江南奕帆
300902,国安达
872351,华光源海
300695,兆丰股份
832149,利尔达
300095,华伍股份
300433,蓝思科技
832171,志晟信息
600150,中国船舶
300004,南风股份
688282,理工导航
835185,贝特瑞
837006,晟楠科技
000008,神州高铁
920008,成电光信
688132,邦彦技术
300629,新劲刚
600316,洪都航空
000712,锦龙股份
300276,三丰智能
600760,中航沈飞
300963,中洲特材
002640,跨境通
605068,明新旭腾
300980,祥源新材
603897,长城科技
300266,兴源环境
831641,格利尔
301501,恒鑫生活
600732,爱旭股份
832278,鹿得医疗
688244,永信至诚
301327,华宝新能
300044,ST赛为
003021,兆威机电
601989,中国重工
300709,精研科技
603040,新坐标
603977,国泰集团
430510,丰光精密
688543,国科军工
605389,长龄液压
688381,帝奥微
300879,大叶股份
301119,正强股份
300274,阳光电源
688678,福立旺
300427,红相股份
300205,*ST天喻
603109,神驰机电
300307,慈星股份
300994,久祺股份
603667,五洲新春
000565,渝三峡Ａ
300729,乐歌股份
603916,苏博特
300115,长盈精密
688103,国力股份
301013,利和兴
300778,新城市
688169,石头科技
000519,中兵红箭
600303,曙光股份
002009,天奇股份
301205,联特科技
300696,爱乐达
300633,开立医疗
300119,瑞普生物
000766,通化金马
002276,万马股份
603335,迪生力
600278,东方创业
300922,天秦装备
603818,曲美家居
873122,中纺标
688260,昀冢科技
603083,剑桥科技
301323,新莱福
603350,安乃达
002689,远大智能
300659,中孚信息
873570,坤博精工
873726,卓兆点胶
605080,浙江自然
688011,新光光电
002389,航天彩虹
000962,东方钽业
301187,欧圣电气
836270,天铭科技
872541,铁大科技
603678,火炬电子
603949,雪龙集团
833533,骏创科技
002475,立讯精密
603129,春风动力
688722,同益中
688320,禾川科技
600990,四创电子
002095,生 意 宝
300516,久之洋
836221,易实精密
300109,新开源
002273,水晶光电
001212,中旗新材
688059,华锐精密
301550,斯菱股份
600530,交大昂立
301448,开创电气
688069,德林海
002544,普天科技
300150,世纪瑞尔
300785,值得买
000833,粤桂股份
300506,*ST名家
002361,神剑股份
300083,创世纪
002979,雷赛智能
002384,东山精密
603926,铁流股份
839946,华阳变速
870656,海昇药业
002565,顺灏股份
001236,弘业期货
300126,锐奇股份
833427,华维设计
301387,光大同创
603917,合力科技
300077,国民技术
603392,万泰生物
688333,铂力特
300960,通业科技
600340,华夏幸福
603179,新泉股份
688472,阿特斯
300592,华凯易佰
688582,芯动联科
000768,中航西飞
301606,绿联科技
300555,ST路通
002645,华宏科技
603200,上海洗霸
300680,隆盛科技
300927,江天化学
603112,华翔股份
000048,京基智农
002683,广东宏大
002115,三维通信
301286,侨源股份
603662,柯力传感
002241,歌尔股份
871553,凯腾精工
301322,绿通科技
300756,金马游乐
301413,安培龙
600173,卧龙地产
603809,豪能股份
301235,华康洁净
002268,电科网安
300803,指南针
830896,旺成科技
605305,中际联合
301658,首航新能
300753,爱朋医疗
002130,沃尔核材
300530,领湃科技
300984,金沃股份
688135,利扬芯片
603500,祥和实业
600363,联创光电
300258,精锻科技
600212,绿能慧充
002705,新宝股份
835174,五新隧装
603991,至正股份
002265,建设工业
002353,杰瑞股份
300594,朗进科技
300718,长盛轴承
300762,上海瀚讯
300085,银之杰
300527,中船应急
301565,中仑新材
601689,拓普集团
600575,淮河能源
600243,*ST海华
603124,江南新材
688691,灿芯股份
603050,科林电气
920098,科隆新材
301479,弘景光电
002076,*ST星光
600130,*ST波导
600228,*ST返利
002305,*ST南置
000820,*ST节能
872895,花溪科技
002167,东方锆业
002938,鹏鼎控股
002528,ST英飞拓
688229,博睿数据
000929,*ST兰黄
301168,通灵股份
002789,*ST建艺
603557,ST起步
688028,沃尔德
600753,*ST庚星
000004,*ST国华
603388,*ST元成
603955,大千生态
605050,福然德
000615,*ST美谷
002816,*ST和科
603261,*ST立航
871478,巨能股份
002620,ST瑞和
002289,*ST宇顺
603843,*ST正平
002848,*ST高斯
002126,银轮股份
002200,*ST交投
603663,三祥新材
002898,*ST赛隆
301121,紫建电子
301160,翔楼新材
301233,盛帮股份
002569,*ST步森
003004,*ST声迅
688399,硕世生物
600193,*ST创兴
600391,航发科技
688562,航天软件
002650,ST加加
002141,*ST贤丰
603319,美湖股份
603683,晶华新材
603389,*ST亚振
600893,航发动力
002231,*ST奥维
300676,华大基因
600621,华鑫股份
002047,*ST宝鹰
002214,*ST大立
603021,ST华鹏
603828,ST柯利达
002259,ST升达
300474,景嘉微
688611,杭州柯林
300968,格林精密
000691,*ST亚太
600421,*ST华嵘
603007,*ST花王
002050,三花智控
003032,*ST传智
688408,中信博
002444,巨星科技
688210,统联精密
003043,华亚智能
688776,国光电气
301016,雷尔伟
839790,联迪信息
833455,汇隆活塞
838701,豪声电子
002553,南方精工
603885,吉祥航空
688636,智明达
002164,宁波东力
300694,蠡湖股份
301566,达利凯普
301050,雷电微力
003037,三和管桩
301389,隆扬电子
688084,晶品特装
300638,广和通
688128,中国电研
601022,宁波远洋
002693,*ST双成
301489,思泉新材
600685,中船防务
300221,银禧科技
603429,集友股份
603033,三维股份
600309,万华化学
000656,*ST金科
836419,万德股份
688439,振华风光
688599,天合光能
600372,中航机载
002826,易明医药
833284,灵鸽科技
300424,航新科技
300857,协创数据
605208,永茂泰
300011,鼎汉技术
603280,南方路机
300848,美瑞新材
603283,赛腾股份
600482,中国动力
688410,山外山
002283,天润工业
600366,宁波韵升
300065,海兰信
002988,豪美新材
301345,涛涛车业
688066,航天宏图
603310,巍华新材
300450,先导智能
688400,凌云光
301008,宏昌科技
301004,嘉益股份
600595,中孚实业
002655,共达电声
605286,同力日升
002307,北新路桥
688757,胜科纳米
000571,新大洲A
000026,飞亚达
831906,舜宇精工
688609,九联科技
300310,宜通世纪
688458,美芯晟
603615,茶花股份
300399,天利科技
300553,集智股份
003019,宸展光电
688110,东芯股份
300682,朗新集团
301558,三态股份
301366,一博科技
301307,美利信
002600,领益智造
600399,抚顺特钢
600345,长江通信
835579,机科股份
688507,索辰科技
000921,海信家电
603305,旭升集团
873132,泰鹏智能
001270,*ST铖昌
837592,华信永道
300518,新迅达
688651,盛邦安全
600072,中船科技
002580,圣阳股份
002857,三晖电气
688778,厦钨新能
603859,能科科技
000801,四川九洲
688717,艾罗能源
300053,航宇微
600636,*ST国化
832802,保丽洁
603337,杰克股份
603666,亿嘉和
603009,XD北特科
600761,安徽合力
002747,埃斯顿
600446,金证股份
605117,德业股份
831195,三祥科技
301592,六九一二
002171,楚江新材
300941,创识科技
837663,明阳科技
300942,易瑞生物
300093,*ST金刚
002648,卫星化学
605288,凯迪股份
300467,迅游科技
002426,胜利精密
300059,东方财富
603121,华培动力
688385,复旦微电
688299,长阳科技
300101,振芯科技
600576,祥源文旅
688259,创耀科技
601881,中国银河
837212,智新电子
870357,雅葆轩
688159,有方科技
688303,大全能源
300911,亿田智能
002379,宏创控股
002851,麦格米特
603128,华贸物流
603239,浙江仙通
300169,天晟新材
300174,元力股份
300580,贝斯特
301310,鑫宏业
300020,*ST银江
603895,天永智能
688685,迈信林
002520,日发精机
872190,雷神科技
301315,威士顿
600615,丰华股份
688652,京仪装备
603626,科森科技
300847,中船汉光
300711,广哈通信
600416,湘电股份
688318,财富趋势
001395,亚联机械
300815,玉禾田
600071,凤凰光学
000818,航锦科技
300855,图南股份
831961,创远信科
300913,兆龙互连
300035,中科电气
002922,伊戈尔
688316,青云科技-U
300446,航天智造
301117,佳缘科技
834770,艾能聚
835640,富士达
603721,*ST天择
600405,动力源
002406,远东传动
600448,华纺股份
601156,东航物流
603920,世运电路
300227,光韵达
002365,永安药业
300611,美力科技
300663,科蓝软件
688323,瑞华泰
301571,国科天成
002961,瑞达期货
002267,陕天然气
688631,莱斯信息
300503,昊志机电
603228,景旺电子
301358,湖南裕能
301368,丰立智能
300008,天海防务
873223,荣亿精密
300414,中光防雷
688208,道通科技
000669,ST金鸿
871981,晶赛科技
601606,长城军工
002859,洁美科技
300956,英力股份
833781,瑞奇智造
600644,乐山电力
300981,中红医疗
600428,中远海特
603890,春秋电子
832000,安徽凤凰
300722,新余国科
002965,祥鑫科技
300386,飞天诚信
832491,奥迪威
300438,鹏辉能源
002792,通宇通讯
002112,三变科技
002335,科华数据
603008,喜临门
600570,恒生电子
000039,中集集团
300969,恒帅股份
600259,广晟有色
002204,大连重工
002762,*ST金比
688529,豪森智能
301260,格力博
002074,国轩高科
300589,江龙船艇
000595,*ST宝实
300899,*ST凯鑫
601231,环旭电子
603680,今创集团
301383,天键股份
688375,国博电子
002765,蓝黛科技
000738,航发控制
001379,腾达科技
688272,富吉瑞
603535,嘉诚国际
300564,筑博设计
301151,冠龙节能
600118,中国卫星
688290,景业智能
600206,有研新材
300421,力星股份
688698,伟创电气
300409,道氏技术
301083,百胜智能
002153,石基信息
300354,东华测试
301122,采纳股份
603181,皇马科技
300098,高新兴
688663,新风光
300979,华利集团
002709,天赐材料
000807,云铝股份
000504,*ST生物
300671,富满微
605088,冠盛股份
873576,天力复合
300648,星云股份
600879,航天电子
301300,远翔新材
603185,弘元绿能
601058,赛轮轮胎
001400,江顺科技
688005,容百科技
688390,固德威
002194,武汉凡谷
300380,安硕信息
300853,申昊科技
873706,铁拓机械
832471,美邦科技
300024,机器人
300790,宇瞳光学
600439,瑞贝卡
002586,*ST围海
831167,鑫汇科
688733,壹石通
838275,驱动力
605289,罗曼股份
301208,中亦科技
603341,龙旗科技
688573,信宇人
300342,天银机电
836247,华密新材
300868,杰美特
603125,常青科技
688275,万润新能
301616,浙江华业
688097,博众精工
600707,彩虹股份
002801,微光股份
688345,博力威
300466,赛摩智能
603277,银都股份
300476,胜宏科技
600855,航天长峰
688327,云从科技-UW
601698,中国卫通
601117,中国化学
600699,均胜电子
871642,通易航天
301180,万祥科技
430300,辰光医疗
688025,杰普特
301248,杰创智能
300033,同花顺
603958,哈森股份
688767,博拓生物
000631,顺发恒业
600860,京城股份
300900,广联航空
603232,格尔软件
000420,吉林化纤
688215,瑞晟智能
300007,汉威科技
300750,宁德时代
003033,征和工业
301268,铭利达
301626,苏州天脉
600775,南京熊猫
002465,海格通信
834765,美之高
688392,骄成超声
871245,威博液压
301459,丰茂股份
002947,恒铭达
300475,香农芯创
603583,捷昌驱动
300952,恒辉安防
300245,天玑科技
603052,可川科技
837242,建邦科技
301278,快可电子
600318,新力金融
872374,云里物里
600862,中航高科
002527,新时达
300827,上能电气
603296,华勤技术
300626,华瑞股份
000065,北方国际
688559,海目星
836077,吉林碳谷
688127,蓝特光学
300757,罗博特科
688027,国盾量子
301512,智信精密
603728,鸣志电器
301067,显盈科技
301226,祥明智能
002810,山东赫达
601021,春秋航空
300045,华力创通
002049,紫光国微
832978,开特股份
688096,京源环保
002201,九鼎新材
688523,航天环宇
873001,纬达光电
603011,合锻智能
688227,品高股份
301396,宏景科技
002179,中航光电
920128,胜业电气
300539,横河精密
300842,帝科股份
600438,通威股份
301299,卓创资讯
000547,航天发展
000158,常山北明
688561,奇安信-U
688595,芯海科技
600892,*ST大晟
688510,航亚科技
603713,密尔克卫
600765,中航重机
300068,南都电源
688172,燕东微
300455,航天智装
836414,欧普泰
300846,首都在线
603758,秦安股份
300515,三德科技
605198,安德利
688033,天宜上佳
300482,万孚生物
688416,恒烁股份
603997,继峰股份
688332,中科蓝讯
002403,爱仕达
300502,新易盛
300965,恒宇信通
000901,航天科技
603985,恒润股份
600151,航天机电
300136,信维通信
688528,秦川物联
301076,新瀚新材
600076,康欣新材
688613,奥精医疗
688090,瑞松科技
002058,*ST威尔
688682,霍莱沃
001696,宗申动力
001382,新亚电缆
300345,华民股份
300222,科大智能
600571,信雅达
301665,泰禾股份
300397,天和防务
002026,山东威达
603668,天马科技
002664,信质集团
600343,航天动力
688017,绿的谐波
301363,美好医疗
603111,康尼机电
603726,朗迪集团
300793,佳禾智能
688223,晶科能源
603005,晶方科技
688175,高凌信息
300211,*ST亿通
873693,阿为特
002457,青龙管业
300337,银邦股份
002933,新兴装备
002170,芭田股份
688533,上声电子
600580,卧龙电驱
301219,腾远钴业
688160,步科股份
300034,钢研高纳
688707,振华新材
002741,光华科技
920167,同享科技
000837,秦川机床
300691,联合光电
002254,泰和新材
603659,璞泰来
688151,华强科技
301092,争光股份
300213,佳讯飞鸿
300046,台基股份
002837,英维克
688218,江苏北人
301000,肇民科技
300947,德必集团
002634,棒杰股份
002642,荣联科技
603880,南卫股份
301535,浙江华远
688499,利元亨
000070,ST特信
300491,通合科技
601012,隆基绿能
601111,中国国航
301200,大族数控
300719,安达维尔
600271,航天信息
688686,奥普特
002519,银河电子
831305,海希通讯
300351,永贵电器
600810,神马股份
300099,尤洛卡
002670,国盛金控
300490,华自科技
301596,瑞迪智驱
002028,思源电气
430564,天润科技
688116,天奈科技
300430,诚益通
300465,高伟达
688518,联赢激光
002984,森麒麟
688630,芯碁微装
688563,航材股份
601138,工业富联
688676,金盘科技
000561,烽火电子
002713,*ST东易
002685,华东重机
300333,兆日科技
002459,晶澳科技
832876,慧为智能
002896,中大力德
002985,北摩高科
301367,怡和嘉业
300296,利亚德
688525,佰维存储
002883,中设股份
688709,成都华微
600764,中国海防
836239,长虹能源
300394,天孚通信
301005,超捷股份
688480,赛恩斯
831278,泰德股份
002617,露笑科技
301238,瑞泰新材
300298,三诺生物
000100,TCL科技
600095,湘财股份
300843,胜蓝股份
603082,北自科技
300159,*ST新研
002373,千方科技
601162,天风证券
002970,锐明技术
835892,中科美菱
300593,新雷能
688312,燕麦科技
832419,路斯股份
688045,必易微
300920,润阳科技
300393,中来股份
301001,凯淳股份
002356,赫美集团
834950,迅安科技
603063,禾望电气
300953,震裕科技
688580,伟思医疗
001317,三羊马
603629,利通电子
300619,金银河
920799,艾融软件
002976,瑞玛精密
301357,北方长龙
301365,矩阵股份
000819,岳阳兴长
301328,维峰电子
002460,赣锋锂业
002446,盛路通信
002990,盛视科技
300707,威唐工业
688225,亚信安全
831689,克莱特
870726,鸿智科技
688015,交控科技
300623,捷捷微电
688112,鼎阳科技
835184,国源科技
600183,生益科技
832662,方盛股份
688475,萤石网络
688107,安路科技
002599,盛通股份
603068,博通集成
688281,华秦科技
600030,中信证券
839493,并行科技
831832,科达自控
688002,睿创微纳
300586,美联新材
001282,三联锻造
601137,博威合金
002899,英派斯
688615,合合信息
300660,江苏雷利
300445,康斯特
002046,国机精工
605069,正和生态
603093,南华期货
002180,纳思达
600203,福日电子
600690,海尔智家
688659,元琛科技
002127,南极电商
920116,星图测控
300545,联得装备
301601,惠通科技
688311,盟升电子
688006,杭可科技
688039,当虹科技
002849,威星智能
003009,中天火箭
430418,苏轴股份
002861,瀛通通讯
002587,奥拓电子
605018,长华集团
301397,溯联股份
600435,北方导航
838971,天马新材
300716,ST泉为
601608,中信重工
002287,奇正藏药
688429,时创能源
002122,汇洲智能
300763,锦浪科技
002865,钧达股份
301487,盟固利
300554,三超新材
300352,北信源
688060,云涌科技
300224,正海磁材
301557,常友科技
301586,佳力奇
300568,星源材质
301588,美新科技
300340,科恒股份
300448,浩云科技
601020,华钰矿业
688800,瑞可达
688586,江航装备
300484,蓝海华腾
688255,凯尔达
301021,英诺激光
835179,凯德石英
688669,聚石化学
688270,臻镭科技
300819,聚杰微纤
301280,珠城科技
603039,泛微网络
002975,博杰股份
300851,交大思诺
002496,*ST辉丰
601700,风范股份
300067,安诺其
300918,南山智尚
300885,海昌新材
834475,三友科技
600592,龙溪股份
300521,爱司凯
688503,聚和材料
831526,凯华材料
600884,杉杉股份
300894,火星人
603178,圣龙股份
002554,惠博普
300218,安利股份
001308,康冠科技
300684,中石科技
300275,梅安森
688629,华丰科技
603665,康隆达
603197,保隆科技
300488,恒锋工具
002635,安洁科技
603798,康普顿
603085,天成自控
688306,均普智能
688348,昱能科技
300256,星星科技
002182,宝武镁业
002935,天奥电子
600589,大位科技
002226,江南化工
300602,飞荣达
002105,信隆健康
603602,纵横通信
300708,聚灿光电
600148,长春一东
300447,全信股份
688118,普元信息
832885,星辰科技
600301,华锡有色
920108,宏海科技
300820,英杰电气
300637,扬帆新材
603236,移远通信
300862,蓝盾光电
301218,华是科技
000638,*ST万方
000632,三木集团
603789,*ST星农
603312,西典新能
300001,特锐德
600712,南宁百货
600939,重庆建工
002805,丰元股份
301356,天振股份
603586,金麒麟
000035,中国天楹
002432,九安医疗
002428,云南锗业
601865,福莱特
605398,新炬网络
603016,新宏泰
300836,佰奥智能
301183,东田微
300562,乐心医疗
603767,中马传动
688071,华依科技
603330,天洋新材
301007,德迈仕
600958,东方证券
300889,爱克股份
301458,钧崴电子
300161,华中数控
301080,百普赛斯
688343,云天励飞-U
600798,宁波海运
000933,神火股份
300895,铜牛信息
300118,东方日升
300348,长亮科技
873593,鼎智科技
002730,电光科技
002941,新疆交建
603993,洛阳钼业
002101,广东鸿图
301266,宇邦新材
600733,北汽蓝谷
300630,普利退
300540,蜀道装备
300350,华鹏飞
002522,浙江众成
301349,信德新材
603190,亚通精工
300802,矩子科技
002760,凤形股份
600889,南京化纤
000520,凤凰航运
300229,拓尔思
301259,艾布鲁
837748,路桥信息
601600,中国铝业
300870,欧陆通
688567,孚能科技
000576,甘化科工
301039,中集车辆
871857,泓禧科技
605086,龙高股份
601890,亚星锚链
836720,吉冈精密
300713,英可瑞
000736,*ST中地
688653,康希通信
688083,中望软件
600128,苏豪弘业
601106,中国一重
300464,星徽股份
603298,杭叉集团
300746,汉嘉设计
300613,富瀚微
688322,奥比中光-UW
301051,信濠光电
600029,南方航空
871396,常辅股份
600835,上海机电
920082,方正阀门
300308,中际旭创
688162,巨一科技
601882,海天精工
300324,旋极信息
603816,顾家家居
000923,河钢资源
835985,海泰新能
002045,国光电器
301568,思泰克
836807,奔朗新材
603707,健友股份
300096,ST易联众
600200,*ST苏吴
300176,鸿特科技
300031,宝通科技
002173,创新医疗
002195,岩山科技
300806,斯迪克
301293,三博脑科
002354,天娱数科
300457,赢合科技
300780,德恩精工
300782,卓胜微
300082,奥克股份
603786,科博达
002218,拓日新能
688788,科思科技
300628,亿联网络
603855,华荣股份
688661,和林微纳
300177,中海达
688498,源杰科技
600038,中直股份
603355,莱克电气
002425,ST凯文
002972,科安达
301326,捷邦科技
300546,雄帝科技
300627,华测导航
300278,华昌达
002025,航天电器
688768,容知日新
600586,金晶科技
002245,蔚蓝锂芯
300127,银河磁体
688183,生益电子
600751,海航科技
688479,友车科技
002928,华夏航空
300832,新产业
002523,天桥起重
002492,恒基达鑫
600698,湖南天雁
601519,大智慧
600675,中华企业
600337,美克家居
300154,瑞凌股份
603520,司太立
002530,金财互联
000059,华锦股份
688051,佳华科技
837821,则成电子
301631,壹连科技
300840,酷特智能
601033,永兴股份
300460,惠伦晶体
600616,金枫酒业
300027,华谊兄弟
002518,科士达
002097,山河智能
300767,震安科技
688681,科汇股份
300407,凯发电气
002912,中新赛克
002189,中光学
002316,ST亚联
002414,高德红外
300845,捷安高科
688252,天德钰
002823,凯中精密
601086,国芳集团
605268,王力安防
688677,海泰新光
603215,比依股份
002719,麦趣尔
603686,福龙马
688411,海博思创
605099,共创草坪
601688,华泰证券
600531,豫光金铅
688008,澜起科技
002532,天山铝业
603313,梦百合
300837,浙矿股份
000733,振华科技
002812,恩捷股份
002279,久其软件
000609,*ST中迪
002421,达实智能
002559,亚威股份
301559,中集环科
300784,利安科技
000608,*ST阳光
301199,迈赫股份
688001,华兴源创
831010,凯添燃气
301510,固高科技
603901,永创智能
603519,立霸股份
688146,中船特气
600481,双良节能
603162,海通发展
300331,苏大维格
603883,老百姓
300812,易天股份
300599,雄塑科技
600238,*ST椰岛
300563,神宇股份
600105,永鼎股份
002766,索菱股份
603209,兴通股份
002534,西子洁能
920682,球冠电缆
688719,爱科赛博
300777,中简科技
300697,电工合金
600984,建设机械
688558,国盛智科
688099,晶晨股份
301213,观想科技
601500,通用股份
002199,*ST东晶
688689,银河微电
603275,众辰科技
002945,华林证券
301234,五洲医疗
600456,宝钛股份
301137,哈焊华通
603031,安孚科技
002376,新北洋
301628,强达电路
688530,欧莱新材
301159,三维天地
300775,三角防务
301502,华阳智能
300766,每日互动
601368,绿城水务
872953,国子软件
603278,大业股份
300809,华辰装备
301600,慧翰股份
300374,中铁装配
688271,联影医疗
601066,中信建投
603300,海南华铁
831152,昆工科技
300739,明阳电路
002829,星网宇达
000737,北方铜业
603679,华体科技
002151,北斗星通
300961,深水海纳
688777,中控技术
688053,思科瑞
300368,ST汇金
603373,安邦护卫
002995,天地在线
603969,银龙股份
600167,联美控股
000670,盈方微
688292,浩瀚深度
833266,生物谷
300284,苏交科
688308,欧科亿
000970,中科三环
301498,乖宝宠物
603598,引力传媒
835368,连城数控
301261,恒工精密
000935,四川双马
001269,欧晶科技
002315,焦点科技
002439,启明星辰
002249,大洋电机
002603,以岭药业
603915,国茂股份
301418,协昌科技
603444,吉比特
688456,有研粉材
600822,上海物贸
300693,盛弘股份
000960,锡业股份
603558,健盛集团
688207,格灵深瞳
300042,朗科科技
301488,豪恩汽电
002920,德赛西威
300760,迈瑞医疗
002971,和远气体
002862,实丰文化
688601,力芯微
600876,凯盛新能
601919,中远海控
601995,中金公司
300151,昌红科技
601799,星宇股份
300769,德方纳米
600679,上海凤凰
002253,*ST智胜
605488,福莱新材
000905,厦门港务
300382,斯莱克
300997,欢乐家
300699,光威复材
603189,网达软件
300597,吉大通信
688819,天能股份
300971,博亚精工
002140,东华科技
603806,福斯特
688721,龙图光罩
002667,威领股份
600714,金瑞矿业
002369,卓翼科技
301633,港迪技术
300673,佩蒂股份
001268,联合精密
300052,ST中青宝
002866,传艺科技
603081,大丰实业
301029,怡合达
603191,望变电气
300542,新晨科技
688239,航宇科技
601966,玲珑轮胎
301193,家联科技
688772,珠海冠宇
300248,新开普
430198,微创光电
603619,中曼石油
300738,奥飞数据
600999,招商证券
601456,国联民生
600756,浪潮软件
002590,万安科技
601377,兴业证券
300162,雷曼光电
002023,海特高新
688590,新致软件
688262,国芯科技
837092,汉鑫科技
000957,中通客车
600109,国金证券
600877,电科芯片
688158,优刻得-W
688420,美腾科技
300779,惠城环保
300616,尚品宅配
301038,深水规院
300525,博思软件
000099,中信海直
688080,映翰通
873665,科强股份
300674,宇信科技
688549,中巨芯-U
600119,长江投资
002368,太极股份
002615,哈尔斯
601702,华峰铝业
300596,利安隆
832469,富恒新材
601018,宁波港
301113,雅艺科技
688560,明冠新材
834415,恒拓开源
300520,科大国创
688231,隆达股份
603120,肯特催化
300418,昆仑万维
688032,禾迈股份
301308,江波龙
688023,安恒信息
688593,新相微
000049,德赛电池
002929,润建股份
002698,博实股份
000430,ST张家界
003028,振邦智能
301210,金杨股份
301533,威马农机
002003,伟星股份
301042,安联锐视
600370,三房巷
605376,博迁新材
300405,科隆股份
603222,济民健康
300014,亿纬锂能
003003,天元股份
003007,直真科技
002827,高争民爆
600335,国机汽车
300416,苏试试验
603613,国联股份
000987,越秀资本
002351,漫步者
002472,双环传动
002560,通达股份
600495,晋西车轴
830839,万通液压
300789,唐源电气
300390,天华新能
834021,流金科技
300552,万集科技
301577,美信科技
301567,贝隆精密
300872,天阳科技
002177,御银股份
301152,天力锂能
000066,中国长城
300792,壹网壹创
002733,雄韬股份
831175,派诺科技
835670,数字人
688589,力合微
600831,ST广网
873305,九菱科技
688238,和元生物
871634,新威凌
300230,永利股份
688728,格科微
000524,岭南控股
603527,众源新材
300025,华星创业
002248,华东数控
688766,普冉股份
300869,康泰医学
600155,华创云信
301522,上大股份
300938,信测标准
688726,拉普拉斯
300173,福能东方
300906,日月明
002146,荣盛发展
600476,湘邮科技
301369,联动科技
301073,君亭酒店
600326,西藏天路
603918,金桥信息
002192,融捷股份
430139,华岭股份
301239,普瑞眼科
603616,韩建河山
688449,联芸科技
300265,通光线缆
831855,浙江大农
301348,蓝箭电子
688305,科德数控
001309,德明利
002131,利欧股份
600549,厦门钨业
301171,易点天下
002057,中钢天源
873690,捷众科技
870199,倍益康
300207,欣旺达
603106,恒银科技
002855,捷荣技术
000096,广聚能源
002008,大族激光
603881,数据港
600288,大恒科技
688037,芯源微
870976,视声智能
603266,天龙股份
600850,电科数字
002258,利尔化学
002340,格林美
300560,中富通
600505,西昌电力
605378,野马电池
603027,千禾味业
003011,海象新材
603212,赛伍技术
688058,宝兰德
300100,双林股份
603097,江苏华辰
688750,金天钛业
300419,ST浩丰
300678,中科信息
300725,药石科技
300389,艾比森
688693,锴威特
300787,海能实业
688365,光云科技
000948,南天信息
688779,五矿新能
605199,ST葫芦娃
002064,华峰化学
002756,永兴材料
688711,宏微科技
000758,中色股份
605333,沪光股份
300748,金力永磁
002149,西部材料
603118,共进股份
000795,英洛华
603612,索通发展
603738,泰晶科技
300735,光弘科技
688283,坤恒顺维
003013,地铁设计
300686,智动力
300285,国瓷材料
300936,中英科技
600172,黄河旋风
600626,申达股份
603066,音飞储存
300456,赛微电子
301127,武汉天源
300991,创益通
601168,西部矿业
300143,盈康生命
300081,恒信东方
000727,冠捷科技
002302,西部建设
600415,小商品城
000612,焦作万方
600521,华海药业
603233,大参林
600478,科力远
300327,中颖电子
688591,泰凌微
000913,钱江摩托
603516,淳中科技
300603,立昂技术
603219,富佳股份
688710,益诺思
603211,晋拓股份
301292,海科新源
688153,唯捷创芯
832023,田野股份
688273,麦澜德
301178,天亿马
603506,南都物业
603026,石大胜华
603048,浙江黎明
000063,中兴通讯
300504,天邑股份
301030,仕净科技
603580,*ST艾艾
001380,华纬科技
301548,崇德科技
002079,苏州固锝
300088,长信科技
002576,通达动力
603669,灵康药业
603421,鼎信通讯
002510,天汽模
300311,任子行
001314,亿道信息
002564,天沃科技
002139,拓邦股份
300403,汉宇集团
688435,英方软件
601696,中银证券
000783,长江证券
600696,*ST岩石
002593,日上集团
600667,太极实业
300667,必创科技
002536,飞龙股份
301378,通达海
300056,中创环保
688326,经纬恒润-W
688285,高铁电气
300252,金信诺
834058,华洋赛车
300107,建新股份
000009,中国宝安
301161,唯万密封
300166,东方国信
601059,信达证券
002125,湘潭电化
002240,盛新锂能
688148,芳源股份
301110,青木科技
002466,天齐锂业
002531,天顺风能
301282,金禄电子
002598,山东章鼓
605298,必得科技
601878,浙商证券
601136,首创证券
000938,紫光股份
300551,古鳌科技
300463,迈克生物
603327,福蓉科技
300319,麦捷科技
002326,永太科技
300632,光莆股份
301551,无线传媒
301032,新柴股份
688387,信科移动-U
688170,德龙激光
601788,光大证券
920111,聚星科技
002263,大东南
603131,上海沪工
688147,微导纳米
301086,鸿富瀚
002463,沪电股份
300157,新锦动力
601279,英利汽车
831396,许昌智能
688535,华海诚科
300212,易华录
603108,润达医疗
300825,阿尔特
600355,*ST精伦
002512,达华智能
600596,新安股份
300473,德尔股份
300489,光智科技
002884,凌霄泵业
601000,唐山港
002150,通润装备
300585,奥联电子
603978,深圳新星
002111,威海广泰
603025,大豪科技
301598,博科测试
688606,奥泰生物
600735,新华锦
300231,银信科技
603486,科沃斯
300341,麦克奥迪
688216,气派科技
688339,亿华通-U
688646,ST逸飞
002594,比亚迪
300829,金丹科技
300290,荣科科技
000338,潍柴动力
002489,浙江永强
603717,天域生物
300432,富临精工
300323,华灿光电
300727,润禾材料
837344,三元基因
000657,中钨高新
301516,中远通
601099,太平洋
300677,英科医疗
301290,东星医疗
688793,倍轻松
002846,英联股份
002129,TCL中环
300590,移为通信
301578,辰奕智能
002501,利源股份
601678,滨化股份
300841,康华生物
301256,华融化学
688018,乐鑫科技
301499,维科精密
002135,东南网架
688569,铁科轨道
600755,厦门国贸
601615,明阳智能
301196,唯科科技
601677,明泰铝业
003036,泰坦股份
300486,东杰智能
300396,迪瑞医疗
600331,宏达股份
002387,维信诺
600480,凌云股份
301602,超研股份
600330,天通股份
300314,戴维医疗
600210,紫江企业
000630,铜陵有色
002980,华盛昌
603226,菲林格尔
688226,威腾电气
002056,横店东磁
300876,蒙泰高新
002168,*ST惠程
002114,罗平锌电
688073,毕得医药
301135,瑞德智能
603871,嘉友国际
301128,强瑞技术
300578,会畅通讯
603976,正川股份
002563,森马服饰
002145,中核钛白
300657,弘信电子
605228,神通科技
002034,旺能环境
301182,凯旺科技
601236,XD红塔证
603045,福达合金
605598,上海港湾
300966,共同药业
603004,鼎龙科技
603271,永杰新材
000599,青岛双星
600731,湖南海利
301157,华塑科技
300951,博硕科技
301173,毓恬冠佳
688182,灿勤科技
688315,诺禾致源
832110,雷特科技
838262,太湖雪
002456,欧菲光
688618,三旺通信
000532,华金资本
002037,保利联合
600053,九鼎投资
300264,佳创视讯
002838,道恩股份
603075,热威股份
001358,兴欣新材
605177,东亚药业
002552,宝鼎科技
300302,同有科技
002673,西部证券
300721,怡达股份
605399,晨光新材
001239,永达股份
600117,西宁特钢
300479,神思电子
600460,士兰微
300681,英搏尔
600498,烽火通信
831856,浩淼科技
836699,海达尔
002886,沃特股份
300458,全志科技
301339,通行宝
003031,中瓷电子
301552,科力装备
605218,伟时电子
920066,科拜尔
688568,中科星图
688398,赛特新材
603466,风语筑
688526,科前生物
688548,广钢气体
835237,力佳科技
002882,金龙羽
000050,深天马Ａ
001335,信凯科技
600909,华安证券
300549,优德精密
601336,新华保险
001255,博菲电气
301153,中科江南
300547,川环科技
000810,创维数字
000725,京东方Ａ
300406,九强生物
603611,诺力股份
600362,江西铜业
301131,聚赛龙
300548,博创科技
300165,ST天瑞
001301,尚太科技
300041,回天新材
600601,方正科技
300183,东软载波
688577,浙海德曼
002780,三夫户外
002997,瑞鹄模具
688258,卓易信息
300565,科信技术
688126,沪硅产业
002939,长城证券
002429,兆驰股份
603989,艾华集团
600545,卓郎智能
600843,上工申贝
301629,矽电股份
688079,美迪凯
688667,菱电电控
002869,金溢科技
300543,朗科智能
603990,麦迪科技
300411,金盾股份
300813,泰林生物
300168,万达信息
001287,中电港
300363,博腾股份
301456,盘古智能
002348,高乐股份
688695,中创股份
002535,林州重机
301150,中一科技
002657,中科金财
002401,中远海科
688425,铁建重工
832522,纳科诺尔
603507,振江股份
688362,甬矽电子
300976,达瑞电子
601866,中远海发
688009,中国通号
000088,盐 田 港
300237,美晨科技
605133,嵘泰股份
831304,迪尔化工
300471,厚普股份
603210,泰鸿万立
300058,蓝色光标
688201,信安世纪
300647,超频三
688716,中研股份
688612,威迈斯
830809,安达科技
300541,先进数通
300163,ST先锋
300366,创意信息
603876,鼎胜新材
003015,日久光电
300865,大宏立
301376,致欧科技
834014,特瑞斯
001288,运机集团
002382,蓝帆医疗
300220,金运激光
300219,鸿利智汇
002521,齐峰新材
603119,浙江荣泰
300588,熙菱信息
688186,广大特材
300037,新宙邦
300073,当升科技
838402,硅烷科技
600579,中化装备
688557,兰剑智能
603716,塞力医疗
600864,哈投股份
600640,国脉文化
600256,广汇能源
300826,测绘股份
301079,邵阳液压
301585,蓝宇股份
601198,东兴证券
001391,国货航
836208,青矩技术
002715,登云股份
300701,森霸传感
600715,文投控股
830779,武汉蓝电
300622,博士眼镜
300223,北京君正
600663,陆家嘴
688395,正弦电气
603375,盛景微
002232,启明信息
603220,中贝通信
301163,宏德股份
601399,国机重装
688655,迅捷兴
600906,财达证券
600558,大西洋
301221,光庭信息
301041,金百泽
301091,深城交
300036,超图软件
920489,佳先股份
002093,国脉科技
300996,普联软件
002416,爱施德
300873,海晨股份
301587,中瑞股份
300078,思创医惠
603138,海量数据
600182,S佳通
688092,爱科科技
301097,天益医疗
603206,嘉环科技
300606,金太阳
301370,国科恒泰
688061,灿瑞科技
002081,金 螳 螂
002835,同为股份
688708,佳驰科技
600369,西南证券
300131,英唐智控
300556,丝路视觉
300768,迪普科技
600956,新天绿能
832225,利通科技
300244,迪安诊断
001223,欧克科技
002759,天际股份
920002,万达轴承
600392,盛和资源
605118,力鼎光电
688113,联测科技
301202,朗威股份
688067,爱威科技
002172,澳洋健康
301228,实朴检测
688329,艾隆科技
688638,誉辰智能
600590,泰豪科技
600603,ST广物
000581,威孚高科
688212,澳华内镜
300822,贝仕达克
003002,壶化股份
603960,克来机电
002902,铭普光磁
301508,中机认检
603255,鼎际得
300919,中伟股份
301503,智迪科技
300019,硅宝科技
300061,旗天科技
600927,永安期货
300295,三六五网
300288,朗玛信息
688516,奥特维
003020,立方制药
600169,太原重工
001298,好上好
688193,仁度生物
002337,赛象科技
601108,财通证券
301033,迈普医学
002085,万丰奥威
002091,江苏国泰
002815,崇达技术
300103,达刚控股
601318,中国平安
600918,中泰证券
603290,斯达半导
002607,中公教育
300480,光力科技
600686,金龙汽车
600057,厦门象屿
300776,帝尔激光
688143,长盈通
300687,赛意信息
300669,沪宁股份
600520,三佳科技
603528,多伦科技
300179,四方达
001368,通达创智
600703,三安光电
300235,方直科技
002297,博云新材
002138,顺络电子
002831,裕同科技
836957,汉维科技
300242,佳云科技
301360,荣旗科技
835508,殷图网联
688432,有研硅
002993,奥海科技
872392,佳合科技
300998,宁波方正
603660,苏州科达
002797,第一创业
000668,*ST荣控
000777,中核科技
003010,若羽臣
000567,海德股份
300811,铂科新材
300122,智飞生物
300477,ST合纵
300645,正元智慧
002484,江海股份
002051,中工国际
300576,容大感光
688117,圣诺生物
002134,天津普林
002483,润邦股份
300384,三联虹普
600487,亨通光电
002449,国星光电
000829,天音控股
002863,今飞凯达
603979,金诚信
300402,宝色股份
002500,山西证券
688448,磁谷科技
001330,博纳影业
002771,真视通
603648,畅联股份
603992,松霖科技
301176,逸豪新材
300326,ST凯利
688620,安凯微
688261,东微半导
603565,中谷物流
838171,邦德股份
688087,英科再生
603171,税友股份
300062,中能电气
300801,泰和科技
688119,中钢洛耐
301089,拓新药业
301332,德尔玛
002769,普路通
603155,新亚强
301380,挖金客
300978,东箭科技
000750,国海证券
688289,圣湘生物
000717,中南股份
002903,宇环数控
300656,民德电子
603933,睿能科技
688605,先锋精科
002526,山东矿机
301335,天元宠物
301505,苏州规划
603936,博敏电子
000518,*ST四环
688700,东威科技
000572,海马汽车
688508,芯朋微
300197,节能铁汉
601211,国泰海通
688602,康鹏科技
300369,绿盟科技
300047,天源迪科
430556,雅达股份
601933,永辉超市
301289,国缆检测
603150,万朗磁塑
603328,依顿电子
002137,实益达
600501,航天晨光
000636,风华高科
300112,万讯自控
870204,沪江材料
605186,健麾信息
002885,京泉华
002063,远光软件
600967,内蒙一机
300618,寒锐钴业
603345,安井食品
000863,三湘印象
002213,大为股份
000972,*ST中基
301046,能辉科技
002175,东方智造
688234,天岳先进
301275,汉朔科技
300155,安居宝
600208,衢州发展
300140,节能环境
001373,翔腾新材
300706,阿石创
002962,五方光电
300860,锋尚文化
001324,长青科技
301045,天禄科技
300859,西域旅游
688358,祥生医疗
600398,海澜之家
002434,万里扬
301018,申菱环境
002611,东方精工
000776,广发证券
301071,力量钻石
002264,新 华 都
301320,豪江智能
600255,鑫科材料
301520,万邦医药
836871,派特尔
300271,华宇软件
002777,久远银海
600176,中国巨石
603709,中源家居
002211,ST宏达
300051,琏升科技
300316,晶盛机电
001238,浙江正特
833509,同惠电子
831768,拾比佰
600055,万东医疗
301306,西测测试
000550,江铃汽车
600618,氯碱化工
688566,吉贝尔
002828,贝肯能源
603238,诺邦股份
601369,陕鼓动力
601199,江南水务
603559,*ST通脉
301002,崧盛股份
002077,大港股份
688610,埃科光电
600776,东方通信
300365,恒华科技
300153,科泰电源
600221,海航控股
300496,中科创达
603803,瑞斯康达
688330,宏力达
001222,源飞宠物
300188,国投智能
300835,龙磁科技
688469,芯联集成-U
002185,华天科技
000021,深科技
603221,爱丽家居
300698,万马科技
603703,盛洋科技
300102,乾照光电
000166,申万宏源
603306,华懋科技
688230,芯导科技
600771,广誉远
600503,华丽家族
300905,宝丽迪
603013,亚普股份
300226,上海钢联
603638,艾迪精密
834407,驰诚股份
300557,理工光科
002178,延华智能
000528,柳    工
300378,鼎捷数智
002404,嘉欣丝绸
002217,*ST合泰
301102,兆讯传媒
300688,创业黑马
601003,柳钢股份
002757,南兴股份
300959,线上线下
601996,丰林集团
002654,万润科技
001229,魅视科技
001319,铭科精技
300566,激智科技
300499,高澜股份
300904,威力传动
300582,英飞特
002096,易普力
603032,德新科技
002144,宏达高科
002152,广电运通
603661,恒林股份
600609,金杯汽车
688699,明微电子
300181,佐力药业
603773,沃格光电
300353,东土科技
600367,红星发展
600458,时代新材
603390,通达电气
688049,炬芯科技
920060,万源通
300415,伊之密
301589,诺瓦星云
300304,云意电气
000710,贝瑞基因
603927,中科软
002156,通富微电
600110,诺德股份
000301,东方盛虹
301536,星宸科技
600885,宏发股份
002808,*ST恒久
600353,旭光电子
300315,掌趣科技
600061,国投资本
688380,中微半导
301126,达嘉维康
834033,康普化学
603596,伯特利
601061,中信金属
600588,用友网络
688531,日联科技
002824,和胜股份
300610,晨化股份
300908,仲景食品
688022,瀚川智能
301312,智立方
002202,金风科技
600797,浙大网新
002671,龙泉股份
600031,三一重工
603383,顶点软件
300410,正业科技
002366,融发核电
002957,科瑞技术
000878,云南铜业
300249,依米康
601990,南京证券
300232,洲明科技
002396,星网锐捷
600745,闻泰科技
301169,零点有数
300795,米奥会展
300134,大富科技
002246,北化股份
300878,维康药业
300370,安控科技
300400,劲拓股份
300831,派瑞股份
000010,美丽生态
300195,长荣股份
872925,锦好医疗
301388,欣灵电气
301099,雅创电子
300217,东方电热
835438,戈碧迦
002136,安 纳 达
603002,宏昌电子
300355,蒙草生态
300987,川网传媒
688570,天玛智控
301191,菲菱科思
601311,骆驼股份
300512,中亚股份
600587,新华医疗
601002,晋亿实业
002184,海得控制
002176,江特电机
300071,福石控股
600100,同方股份
002067,景兴纸业
836149,旭杰科技
688409,富创精密
000757,浩物股份
301556,托普云农
002506,协鑫集成
002148,北纬科技
300305,裕兴股份
300129,泰胜风能
002334,英威腾
301090,华润材料
002529,*ST海源
688512,慧智微-U
600584,长电科技
834599,同力股份
688671,碧兴物联
688286,敏芯股份
600500,中化国际
300383,光环新网
688367,工大高科
300654,世纪天鸿
688085,三友医疗
300887,谱尼测试
600180,瑞茂通
605369,拱东医疗
300755,华致酒行
300620,光库科技
300615,欣天科技
301591,肯特股份
002978,安宁股份
301288,*ST清研
600400,红豆股份
603324,盛剑科技
300975,商络电子
832651,天罡股份
605166,聚合顺
601727,上海电气
688100,威胜信息
603137,恒尚节能
301217,铜冠铜箔
300238,冠昊生物
300120,经纬辉开
688150,莱特光电
002196,方正电机
603270,金帝股份
600583,海油工程
300228,富瑞特装
002508,老板电器
301085,亚康股份
300989,蕾奥规划
430718,合肥高科
600787,中储股份
600809,山西汾酒
601611,中国核建
300514,友讯达
600660,福耀玻璃
688202,美迪西
603956,威派格
600179,安通控股
688300,联瑞新材
688625,呈和科技
603194,中力股份
601177,杭齿前进
301581,黄山谷捷
600933,爱柯迪
600783,鲁信创投
600742,一汽富维
002676,顺威股份
003025,思进智能
300890,翔丰华
688379,华光新材
600320,振华重工
000555,神州信息
002386,天原股份
839725,惠丰钻石
000821,京山轻机
300201,海伦哲
688538,和辉光电-U
600704,物产中大
002682,龙洲股份
835207,众诚科技
688377,迪威尔
603556,海兴电力
300313,*ST天山
600980,北矿科技
688369,致远互联
300072,海新能科
000977,浪潮信息
300604,长川科技
000400,许继电气
600114,东睦股份
603790,雅运股份
000592,平潭发展
301192,泰祥股份
300821,东岳硅材
605111,新洁能
603308,应流股份
002916,深南电路
301298,东利机械
603107,上海汽配
600552,凯盛科技
002021,中捷资源
688269,凯立新材
301398,星源卓镁
301072,中捷精工
002313,日海智能
300124,汇川技术
300254,仟源医药
002540,亚太科技
301361,众智科技
002636,金安国纪
603360,百傲化学
870508,丰安股份
300988,津荣天宇
300148,天舟文化
600390,五矿资本
300591,万里马
300880,迦南智能
301313,凡拓数创
300896,爱美客
300712,永福股份
300672,国科微
600468,百利电气
002796,世嘉科技
002786,银宝山新
301111,粤万年青
002209,达 意 隆
833751,惠同新材
301020,密封科技
001872,招商港口
002255,海陆重工
301391,卡莱特
600560,金自天正
688522,纳睿雷达
301100,风光股份
002879,长缆科技
000951,中国重汽
000410,沈阳机床
836422,润普食品
603203,快克智能
002843,泰嘉股份
603110,东方材料
300772,运达股份
600126,杭钢股份
688155,先惠技术
600968,海油发展
300617,安靠智电
601375,中原证券
300359,全通教育
301179,泽宇智能
300814,中富电路
301216,万凯新材
000852,石化机械
603366,日出东方
603867,新化股份
603348,文灿股份
601969,海南矿业
688450,光格科技
920445,龙竹科技
000045,深纺织Ａ
300720,海川智能
002725,跃岭股份
002193,如意集团
688551,科威尔
833523,德瑞锂电
002724,海洋王
600739,辽宁成大
002742,*ST三圣
603315,福鞍股份
601858,中国科传
002407,多氟多
300084,海默科技
605155,西大门
603768,常青股份
002117,东港股份
688628,优利德
300871,回盛生物
301333,诺思格
301267,华厦眼科
601598,中国外运
000415,渤海租赁
688125,安达智能
688287,*ST观典
600525,ST长园
000726,鲁  泰Ａ
688298,东方生物
002427,尤夫股份
603628,清源股份
000509,华塑控股
688556,高测股份
301009,可靠股份
300270,中威电子
603868,飞科电器
300675,建科院
600577,精达股份
600841,动力新科
601766,中国中车
002870,香山股份
300903,科翔股份
600557,康缘药业
002362,汉王科技
601968,宝钢包装
300724,捷佳伟创
601155,新城控股
600973,宝胜股份
300360,炬华科技
002448,中原内配
300413,芒果超媒
002423,中粮资本
688276,百克生物
300816,艾可蓝
688082,盛美上海
300200,高盟新材
300636,同和药业
001311,多利科技
301236,软通动力
301207,华兰疫苗
000623,吉林敖东
688352,颀中科技
300494,盛天网络
301538,骏鼎达
603408,建霖家居
002271,东方雨虹
300251,光线传媒
833030,立方控股
603577,汇金通
000700,模塑科技
688403,汇成股份
000425,徐工机械
301189,奥尼电子
603010,万盛股份
301136,招标股份
830974,凯大催化
688583,思看科技
002577,雷柏科技
301132,满坤科技
603856,东宏股份
600207,安彩高科
688396,华润微
301517,陕西华达
605303,园林股份
873806,云星宇
000967,盈峰环境
000937,冀中能源
000868,安凯客车
002681,奋达科技
300644,南京聚隆
002953,日丰股份
601011,宝泰隆
300625,三雄极光
833394,民士达
300833,浩洋股份
605183,确成股份
300569,天能重工
300532,今天国际
002400,省广集团
831039,国义招标
301276,嘉曼服饰
300928,华安鑫创
301078,孩子王
300144,宋城演艺
603225,新凤鸣
300985,致远新能
002236,大华股份
002841,视源股份
002608,江苏国信
688391,钜泉科技
301262,海看股份
601328,交通银行
838227,美登科技
688152,麒麟信安
300523,辰安科技
002474,榕基软件
000728,国元证券
002227,奥 特 迅
600718,东软集团
002055,得润电子
000563,陕国投Ａ
000586,汇源通信
001206,依依股份
002488,金固股份
600593,大连圣亚
300881,盛德鑫泰
000655,金岭矿业
300206,理邦仪器
000620,新华联
920088,科力股份
000859,国风新材
000887,中鼎股份
002707,众信旅游
300063,天龙集团
300921,南凌科技
000966,长源电力
300437,清水源
833075,柏星龙
301162,国能日新
002438,江苏神通
301263,泰恩康
605277,新亚电子
600633,浙数文化
002355,兴民智通
300917,特发服务
300508,维宏股份
300513,恒实科技
688786,悦安新材
600599,*ST熊猫
688279,峰岹科技
000089,深圳机场
603158,腾龙股份
603161,科华控股
600606,绿地控股
873339,恒太照明
605151,西上海
300522,世名科技
000936,华西股份
301377,鼎泰高科
600497,驰宏锌锗
002998,优彩资源
300193,佳士科技
688388,嘉元科技
002410,广联达
000762,西藏矿业
002729,好利科技
002888,惠威科技
300459,汤姆猫
688251,井松智能
603869,ST智知
601872,招商轮船
002052,*ST同洲
002309,*ST中利
301010,晶雪节能
300303,聚飞光电
002942,新农股份
002346,柘中股份
603380,易德龙
300349,金卡智能
600201,生物股份
002663,普邦股份
600710,苏美达
300736,百邦科技
600602,云赛智联
600477,杭萧钢构
300823,建科智能
600981,汇鸿集团
301061,匠心家居
301139,元道通信
300939,秋田微
301399,英特科技
002543,万和电气
688070,纵横股份
833230,欧康医药
300639,凯普生物
001208,华菱线缆
301172,君逸数码
300075,数字政通
600166,福田汽车
603826,坤彩科技
688670,金迪克
002579,中京电子
002261,拓维信息
301428,世纪恒通
688211,中科微至
688220,翱捷科技-U
300210,森远股份
002876,三利谱
600141,兴发集团
603396,金辰股份
300982,苏文电能
002244,滨江集团
301291,明阳电气
600037,歌华有线
002986,宇新股份
688789,宏华数科
601226,华电科工
002813,路畅科技
002284,亚太股份
002010,传化智联
300133,华策影视
002292,奥飞娱乐
600459,贵研铂业
688325,赛微微电
300733,西菱动力
000159,国际实业
600623,华谊集团
300079,数码视讯
603788,宁波高发
831627,力王股份
300074,华平股份
300170,汉得信息
301439,泓淋电力
301095,广立微
688489,三未信安
001389,广合科技
002104,恒宝股份
300631,久吾高科
600818,中路股份
002073,软控股份
601718,际华集团
600717,天津港
600295,鄂尔多斯
002533,金杯电工
002622,皓宸医疗
300097,ST智云
605365,立达信
603825,华扬联众
600219,XD南山铝
002845,同兴达
002723,小崧股份
688007,光峰科技
600741,华域汽车
600004,白云机场
002015,协鑫能科
001217,华尔泰
601116,三江购物
300635,中达安
603309,维力医疗
600816,建元信托
603681,永冠新材
000060,中金岭南
600645,中源协和
600469,风神股份
002017,东信和平
837174,宏裕包材
000402,金 融 街
300009,安科生物
832175,东方碳素
000969,安泰科技
872808,曙光数创
002388,ST新亚
600866,星湖科技
300995,奇德新材
603115,海星股份
601118,海南橡胶
688291,金橙子
001209,洪兴股份
002332,仙琚制药
300537,广信材料
301329,信音电子
600522,中天科技
301338,凯格精机
002455,百川股份
300048,合康新能
300481,濮阳惠成
600622,光大嘉宝
600887,伊利股份
300893,松原安全
871970,大禹生物
301101,明月镜片
600064,南京高科
002811,郑中设计
688584,上海合晶
002328,新朋股份
600115,中国东航
300306,远方信息
002405,四维图新
600597,光明乳业
601001,晋控煤业
300123,亚光科技
300291,百纳千成
300293,蓝英装备
600643,爱建集团
600026,中远海能
300909,汇创达
600171,上海贝岭
603356,华菱精工
603018,华设集团
002881,美格智能
603132,金徽股份
300730,科创信息
300884,狄耐克
600516,方大炭素
000858,五 粮 液
002160,常铝股份
300641,正丹股份
688178,万德斯
300745,欣锐科技
601669,中国电建
601360,三六零
300834,星辉环材
301237,和顺科技
600825,新华传媒
688579,山大地纬
000902,新洋丰
600969,郴电国际
002921,联诚精密
688521,芯原股份
002833,弘亚数控
688626,翔宇医疗
688496,清越科技
600537,亿晶光电
300135,宝利国际
300057,万顺新材
603399,永杉锂业
605258,协和电子
301186,超达装备
300243,瑞丰高材
301281,科源制药
000831,中国稀土
838837,华原股份
300932,三友联众
301301,川宁生物
600361,创新新材
301195,北路智控
600845,宝信软件
002183,怡 亚 通
000333,美的集团
300737,科顺股份
301049,超越科技
833346,威贸电子
300852,四会富仕
688296,和达科技
002036,联创电子
301296,新巨丰
003000,劲仔食品
600089,特变电工
600894,广日股份
000002,万  科Ａ
300292,吴通控股
600152,维科技术
002120,韵达股份
603166,XD福达股
300417,南华仪器
000922,佳电股份
603363,*ST傲农
833873,中设咨询
002154,报 喜 鸟
300863,卡倍亿
688003,天准科技
000681,视觉中国
000533,顺钠股份
688798,艾为电子
000981,山子高科
601186,中国铁建
601618,中国中冶
301223,中荣股份
300640,德艺文创
301052,果麦文化
605001,威奥股份
301309,万得凯
688509,正元地信
603015,弘讯科技
600499,科达制造
002415,海康威视
301617,博苑股份
301555,惠柏新材
600773,西藏城投
601963,重庆银行
300570,太辰光
001226,拓山重工
836675,秉扬科技
603409,汇通控股
688357,建龙微纳
300171,东富龙
688608,恒玄科技
001332,锡装股份
688545,兴福电子
600293,三峡新材
603727,博迈科
603633,徕木股份
300272,开能健康
300412,迦南科技
600449,宁夏建材
603091,众鑫股份
301321,翰博高新
601633,长城汽车
300598,诚迈科技
600651,飞乐音响
301185,鸥玛软件
603909,建发合诚
600548,深高速
002738,中矿资源
002516,旷达科技
601798,蓝科高新
301246,宏源药业
603035,常熟汽饰
600654,中安科
600017,日照港
605005,合兴股份
300937,药易购
600734,实达集团
833580,科创新材
000680,山推股份
002926,华西证券
002660,茂硕电源
688356,键凯科技
601808,中海油服
001228,永泰运
601601,中国太保
600135,乐凯胶片
000625,长安汽车
301468,博盈特焊
000800,一汽解放
300018,中元股份
600658,电子城
837046,亿能电力
002342,巨力索具
301075,多瑞医药
300277,海联讯
600989,宝丰能源
603353,和顺石油
688338,赛科希德
873152,天宏锂电
600339,中油工程
002031,巨轮智能
300184,力源信息
301295,美硕科技
300810,中科海讯
300935,盈建科
600312,平高电气
002119,康强电子
688217,睿昂基因
301120,新特电气
301118,恒光股份
603202,天有为
300861,美畅股份
600527,江南高纤
603135,中重科技
300805,电声股份
002310,*ST东园
300113,顺网科技
000688,国城矿业
688221,前沿生物-U
002212,天融信
688219,会通股份
301539,宏鑫科技
603618,杭电股份
002166,莱茵生物
002668,TCL智家
601163,三角轮胎
688012,中微公司
000983,山西焦煤
300010,豆神教育
002739,万达电影
603307,扬州金泉
688787,海天瑞声
603848,好太太
002839,张家港行
603019,中科曙光
003022,联泓新科
002419,天虹股份
605196,华通线缆
688236,春立医疗
688459,哈铁科技
300601,康泰生物
600992,贵绳股份
300571,平治信息
002761,浙江建投
688209,英集芯
831370,新安洁
300182,捷成股份
002690,美亚光电
000157,中联重科
002225,濮耐股份
002233,塔牌集团
002467,二六三
001359,平安电工
600360,*ST华微
688401,路维光电
001306,夏厦精密
600050,中国联通
002632,道明光学
300250,初灵信息
688029,南微医学
000925,众合科技
001300,三柏硕
000156,华数传媒
301035,润丰股份
603276,恒兴新材
300621,维业股份
688078,龙软科技
300891,惠云钛业
300461,田中精机
688249,晶合集成
600641,万业企业
300050,世纪鼎利
002558,巨人网络
603893,瑞芯微
603860,中公高科
603122,合富中国
603501,韦尔股份
603588,高能环境
301303,真兰仪表
600550,保变电气
601390,中国中铁
601800,中国交建
603636,南威软件
002601,龙佰集团
603193,润本股份
600728,佳都科技
688038,中科通达
002319,乐通股份
300346,南大光电
688575,亚辉龙
601555,东吴证券
688378,奥来德
605108,同庆楼
688121,卓然股份
300788,中信出版
603072,天和磁材
601298,青岛港
301419,阿莱德
301037,保立佳
600227,赤天化
688278,特宝生物
002856,美芝股份
000823,超声电子
002889,东方嘉盛
000409,云鼎科技
603988,中电电机
688098,申联生物
603058,永吉股份
002084,海鸥住工
300092,科新机电
000792,盐湖股份
002285,世联行
603207,小方制药
688055,龙腾光电
002048,宁波华翔
000536,华映科技
688187,时代电气
300094,国联水产
301003,江苏博云
688173,希荻微
600935,华塑股份
600258,首旅酒店
834261,一诺威
603937,丽岛新材
301106,骏成科技
300943,春晖智控
603986,兆易创新
603297,永新光学
688307,中润光学
601100,恒立液压
603655,朗博科技
688123,聚辰股份
600509,天富能源
002927,泰永长征
002913,奥士康
300015,爱尔眼科
300017,网宿科技
002221,东华能源
603070,万控智造
002409,雅克科技
600970,中材国际
603205,健尔康
688466,金科环境
300595,欧普康视
603172,万丰股份
300608,思特奇
301148,嘉戎技术
600689,上海三毛
603213,镇洋发展
605020,永和股份
002906,华阳集团
002487,大金重工
920099,瑞华技术
300283,温州宏丰
600198,大唐电信
600619,海立股份
600820,隧道股份
605188,国光连锁
002274,华昌化工
603095,越剑智能
002952,亚世光电
600519,贵州茅台
002083,孚日股份
300198,ST纳川
002959,小熊电器
920016,中草香料
600378,昊华科技
301082,久盛电气
002281,光迅科技
873703,广厦环能
301165,锐捷网络
603601,再升科技
300752,隆利科技
300624,万兴科技
600986,浙文互联
002430,杭氧股份
300322,硕贝德
002398,垒知集团
002588,史丹利
600178,东安动力
002205,国统股份
002775,文科股份
301015,百洋医药
600790,轻纺城
301353,普莱得
873679,前进科技
002662,峰璟股份
605056,咸亨国际
000838,财信发展
600628,新世界
688486,龙迅股份
300977,深圳瑞捷
002790,瑞尔特
601158,重庆水务
920118,太湖远大
000404,长虹华意
001322,箭牌家居
603169,兰石重装
300180,华峰超纤
603908,牧高笛
000917,电广传媒
300964,本川智能
600338,西藏珠峰
688701,卓锦股份
301170,锡南科技
605168,三人行
002643,万润股份
688232,新点软件
002094,青岛金王
301252,同星科技
603214,爱婴室
839680,*ST广道
002736,国信证券
600869,远东股份
870436,大地电气
688137,近岸蛋白
002222,福晶科技
002108,沧州明珠
000815,美利云
601133,柏诚股份
002891,中宠股份
601166,兴业银行
601388,怡球资源
600648,外高桥
300373,扬杰科技
688720,艾森股份
838924,广脉科技
603605,珀莱雅
603887,城地香江
600650,锦江在线
002006,精工科技
301036,双乐股份
300665,飞鹿股份
688130,晶华微
000796,凯撒旅业
688122,西部超导
002497,雅化集团
838163,方大新材
688668,鼎通科技
002960,青鸟消防
000973,佛塑科技
000686,东北证券
300912,凯龙高科
300358,楚天科技
601179,中国西电
834639,晨光电缆
301395,仁信新材
600778,友好集团
688539,高华科技
301314,科瑞思
301141,中科磁业
000782,恒申新材
000988,华工科技
003039,顺控发展
600444,国机通用
301125,腾亚精工
603198,迎驾贡酒
300364,中文在线
605588,冠石科技
300440,运达科技
301069,凯盛新材
301222,浙江恒威
603006,联明股份
688718,唯赛勃
300612,宣亚国际
002061,浙江交科
000927,中国铁物
000548,湖南投资
834062,科润智控
600248,陕建股份
600230,沧州大化
688334,西高院
000683,远兴能源
605058,澳弘电子
000516,国际医学
301372,科净源
601665,齐鲁银行
601628,中国人寿
688021,奥福环保
836892,广咨国际
836961,西磁科技
601566,九牧王
600666,奥瑞德
000521,长虹美菱
000799,酒鬼酒
000701,厦门信达
001965,招商公路
002065,东华软件
300781,因赛集团
600098,广州发展
873167,新赣江
603861,白云电器
001279,强邦新材
605167,利柏特
000028,国药一致
603700,宁水集团
300320,海达股份
002035,华帝股份
301198,喜悦智行
600763,通策医疗
688246,嘉和美康
301318,维海德
300013,新宁物流
000839,中信国安
000629,钒钛股份
600827,百联股份
001360,南矿集团
002878,元隆雅图
000596,古井贡酒
605090,九丰能源
603196,日播时尚
600985,淮北矿业
300661,圣邦股份
002905,金逸影视
002753,永东股份
600216,浙江医药
301373,凌玮科技
002623,亚玛顿
002277,友阿股份
002374,中锐股份
000949,新乡化纤
603165,荣晟环保
301515,港通医疗
603386,骏亚科技
600801,华新水泥
301611,珂玛科技
002722,物产金轮
601975,招商南油
002162,悦心健康
600546,山煤国际
603065,宿迁联盛
688353,华盛锂电
600157,永泰能源
600111,北方稀土
600036,招商银行
300559,佳发教育
601233,桐昆股份
002890,弘宇股份
301166,优宁维
600770,综艺股份
603201,常润股份
600736,苏州高新
301149,隆华新材
301331,恩威医药
600088,中视传媒
300462,华铭智能
600872,中炬高新
600383,金地集团
688277,天智航-U
000058,深 赛 格
301158,德石股份
601668,中国建筑
603078,江化微
002161,远 望 谷
002745,木林森
688077,大地熊
603585,苏利股份
600426,华鲁恒升
002919,名臣健康
300510,金冠股份
688237,超卓航科
000682,东方电子
600138,中青旅
300388,节能国祯
300642,透景生命
300808,久量股份
600657,信达地产
600299,安迪苏
002768,国恩股份
600131,国网信通
002116,中国海诚
920019,铜冠矿建
000034,神州数码
600018,上港集团
300442,润泽科技
300287,飞利信
003029,吉大正元
600976,健民集团
300429,强力新材
300192,科德教育
300253,卫宁健康
603489,八方股份
688468,科美诊断
603836,海程邦达
000880,潍柴重机
002312,川发龙蟒
300883,龙利得
603088,XD宁波精
600791,京能置业
600676,交运股份
300683,海特生物
688616,西力科技
301379,天山电子
301006,迈拓股份
300703,创源股份
300141,和顺电气
603037,凯众股份
688163,赛伦生物
601886,江河集团
000802,北京文化
688419,耐科装备
836717,瑞星股份
300199,翰宇药业
000881,中广核技
300147,ST香雪
603800,洪田股份
836504,博迅生物
301390,经纬股份
001266,宏英智能
002380,科远智慧
002605,姚记科技
601068,中铝国际
300246,宝莱特
002440,闰土股份
300439,美康生物
600637,东方明珠
603282,亚光股份
603733,仙鹤股份
601880,辽港股份
002239,奥特佳
300428,立中集团
301190,善水科技
002300,太阳电缆
301279,金道科技
301012,扬电科技
300992,泰福泵业
603395,红四方
301297,富乐德
002992,宝明科技
601128,常熟银行
300993,玉马科技
600528,中铁工业
002517,恺英网络
301386,未来电器
605222,起帆电缆
002420,毅昌科技
301068,大地海洋
301107,瑜欣电子
301024,霍普股份
600375,汉马科技
600784,鲁银投资
300658,延江股份
600120,浙江东方
603863,松炀资源
300634,彩讯股份
600513,联环药业
688418,震有科技
600265,ST景谷
601901,方正证券
301607,富特科技
300236,上海新阳
603192,汇得科技
002708,光洋股份
002562,兄弟科技
300299,富春股份
300408,三环集团
002578,闽发铝业
601126,四方股份
000589,贵州轮胎
603650,彤程新材
301123,奕东电子
002791,坚朗五金
000886,海南高速
603698,航天工程
002949,华阳国际
600143,金发科技
603801,志邦家居
600897,厦门空港
688036,传音控股
002215,诺 普 信
000813,德展健康
603273,天元智能
603000,人民网
600720,中交设计
600187,国中水务
301130,西点药业
603706,东方环宇
300334,津膜科技
000056,皇庭国际
000720,新能泰山
833575,康乐卫士
603113,金能科技
002582,好想你
300002,神州泰岳
430090,同辉信息
688739,成大生物
301211,亨迪药业
301209,联合化学
601326,秦港股份
300086,康芝药业
002132,恒星科技
603187,海容冷链
002250,联化科技
688109,品茗科技
688758,赛分科技
872931,无锡鼎邦
603301,振德医疗
688063,派能科技
002728,特一药业
605259,绿田机械
600048,保利发展
000541,佛山照明
300925,法本信息
600959,江苏有线
300375,鹏翎股份
603699,纽威股份
002062,宏润建设
603578,三星新材
000426,兴业银锡
603055,台华新材
002692,远程股份
002950,奥美医疗
000888,峨眉山Ａ
603339,四方科技
688161,威高骨科
001267,汇绿生态
600517,国网英大
300948,冠中生态
300529,健帆生物
835857,百甲科技
688328,深科达
600620,天宸股份
601609,金田股份
832566,梓橦宫
603259,药明康德
300830,金现代
600977,中国电影
001203,大中矿业
002188,中天服务
002897,意华股份
603566,普莱柯
605169,洪通燃气
300142,沃森生物
002585,双星新材
002418,康盛股份
002703,浙江世宝
600567,山鹰国际
601019,山东出版
603701,德宏股份
000756,新华制药
002099,海翔药业
603693,江苏新能
000778,新兴铸管
600192,长城电工
000020,深华发Ａ
000032,深桑达Ａ
300425,中建环能
600998,九州通
603456,九洲药业
002390,信邦制药
601127,赛力斯
688981,中芯国际
600971,恒源煤电
688016,心脉医疗
300468,四方精创
603320,迪贝电气
002358,森源电气
002515,金字火腿
688093,世华科技
000811,冰轮环境
002469,三维化学
002301,齐心集团
836260,中寰股份
000411,英特集团
002875,安奈儿
000753,漳州发展
000507,珠海港
600740,山西焦化
300376,ST易事特
000826,启迪环境
301283,聚胶股份
600938,中国海油
300145,中金环境
000090,天健集团
001277,速达股份
600010,包钢股份
300933,中辰股份
600830,香溢融通
600106,重庆路桥
600006,东风股份
300798,锦鸡股份
002584,西陇科学
601929,吉视传媒
603589,口子窖
600455,博通股份
600664,哈药股份
002306,*ST云网
601699,潞安环能
600121,郑州煤电
600015,华夏银行
688623,双元科技
603995,甬金股份
688075,安旭生物
300215,电科院
300043,星辉娱乐
600839,四川长虹
300916,朗特智能
001202,炬申股份
003018,金富科技
300160,秀强股份
002453,华软科技
301446,福事特
002454,松芝股份
600408,安泰集团
600743,华远地产
838030,德众汽车
002555,三七互娱
605337,李子园
001278,一彬科技
300838,浙江力诺
600319,亚星化学
301355,南王科技
688337,普源精电
600009,上海机场
600796,钱江生化
603929,亚翔集成
603833,欧派家居
002110,三钢闽光
600425,青松建化
871694,中裕科技
601038,一拖股份
300080,易成新能
603041,美思德
002024,ST易购
002936,郑州银行
600129,太极集团
688156,路德环境
002900,哈三联
002909,集泰股份
000517,荣安地产
300572,安车检测
688627,精智达
002298,中电鑫龙
605507,国邦医药
601717,郑煤机
601616,广电电气
002624,完美世界
301109,军信股份
000558,天府文旅
300517,海波重科
300012,华测检测
603160,汇顶科技
000952,广济药业
603227,雪峰科技
000062,深圳华强
000422,湖北宜化
301500,飞南资源
601869,长飞光纤
600859,王府井
603888,新华网
300269,联建光电
688102,斯瑞新材
839719,宁新新材
603656,泰禾智能
600027,华电国际
000403,派林生物
300164,通源石油
002737,葵花药业
603099,长白山
601238,广汽集团
300897,山科智能
600975,新五丰
688588,凌志软件
001378,德冠新材
000739,普洛药业
688619,罗普特
603889,新澳股份
300435,中泰股份
603518,锦泓集团
000151,中成股份
002872,ST天圣
002686,亿利达
300685,艾德生物
601857,中国石油
688203,海正生材
600960,渤海汽车
688485,九州一轨
001213,中铁特货
688133,泰坦科技
002524,光正眼科
688386,泛亚微透
300395,菲利华
002918,蒙娜丽莎
600389,江山股份
301087,可孚医疗
600759,洲际油气
688089,嘉必优
000055,方大集团
603105,芯能科技
002230,科大讯飞
600768,宁波富邦
002987,京北方
601139,深圳燃气
603928,兴业股份
000828,东莞控股
002344,海宁皮城
603311,金海高科
300561,*ST汇科
688189,南新制药
600283,钱江水利
001207,联科科技
600373,中文传媒
600611,大众交通
002628,成都路桥
603060,国检集团
002638,勤上股份
002436,兴森科技
605287,德才股份
000006,深振业Ａ
301230,泓博医药
920819,颖泰生物
002807,江阴银行
300214,日科化学
000980,众泰汽车
603799,华友钴业
603689,皖天然气
600996,贵广网络
603316,诚邦股份
600691,阳煤化工
002706,良信股份
603318,水发燃气
832982,锦波生物
000546,金圆股份
301011,华立科技
600218,全柴动力
600103,青山纸业
301519,舜禹股份
301603,乔锋智能
600507,方大特钢
601868,中国能建
003017,大洋生物
002798,帝欧家居
688248,南网科技
003035,南网能源
300505,川金诺
000926,福星股份
002694,顾地科技
002256,兆新股份
600332,白云山
301031,中熔电气
300339,润和软件
600880,博瑞传播
600888,新疆众和
600189,泉阳泉
300579,数字认证
000897,津滨发展
002252,上海莱士
603970,中农立华
688057,金达莱
600237,铜峰电子
836826,盖世食品
002631,德尔未来
600903,贵州燃气
300203,聚光科技
301056,森赫股份
002614,奥佳华
003026,中晶科技
301060,兰卫医学
603980,吉华集团
000078,海王生物
000069,华侨城Ａ
002402,和而泰
000628,高新发展
603697,有友食品
600624,复旦复华
601366,利群股份
300875,捷强装备
002908,德生科技
603258,电魂网络
003008,开普检测
300076,GQY视讯
300470,中密控股
300973,立高食品
688295,中复神鹰
600418,江淮汽车
000798,中水渔业
002486,嘉麟杰
688020,方邦股份
600161,天坛生物
300710,万隆光电
002012,凯恩股份
600461,洪城环境
600058,五矿发展
002339,积成电子
301408,华人健康
600328,中盐化工
002452,长高电新
603269,海鸥股份
830879,基康仪器
600556,天下秀
002092,ST中泰
300783,三只松鼠
600506,统一股份
600170,上海建工
301277,新天地
603303,得邦照明
002242,九阳股份
002852,道道全
300864,南大环境
003016,欣贺股份
000552,甘肃能化
300930,屹通新材
300797,钢研纳克
600803,新奥股份
600409,三友化工
000932,华菱钢铁
300983,尤安设计
301081,严牌股份
603931,格林达
300584,海辰药业
600197,伊力特
002282,博深股份
605066,天正电气
600410,华胜天成
601958,金钼股份
601319,中国人保
002210,飞马国际
300478,杭州高新
605128,上海沿浦
600056,中国医药
301057,汇隆新材
300535,达威股份
300664,鹏鹞环保
600722,金牛化工
003030,祖名股份
600929,雪天盐业
002609,捷顺科技
600159,大龙地产
688680,海优新材
002324,普利特
300239,东宝生物
836395,朗鸿科技
601200,上海环境
688253,英诺特
603508,思维列控
688035,德邦科技
603186,华正新材
603878,武进不锈
600815,厦工股份
300509,新美星
001215,千味央厨
000989,九芝堂
603323,苏农银行
301026,浩通科技
002649,博彦科技
002044,美年健康
000797,中国武夷
601789,宁波建工
300950,德固特
830832,齐鲁华信
601636,旗滨集团
000635,英 力 特
002541,鸿路钢构
002877,智能自控
601212,白银有色
688120,华海清科
301580,爱迪特
300387,富邦科技
300404,博济医药
002925,盈趣科技
002803,吉宏股份
000530,冰山冷热
600807,济高发展
002591,恒大高新
002701,奥瑞金
301058,中粮科工
002850,科达利
002068,黑猫股份
301156,美农生物
300003,乐普医疗
002697,红旗连锁
300614,百川畅银
688383,新益昌
300451,创业慧康
301017,漱玉平民
000498,山东路桥
688517,金冠电气
002606,大连电瓷
603208,江山欧派
300286,安科瑞
600054,黄山旅游
002223,鱼跃医疗
601333,广深铁路
601010,文峰股份
601828,美凯龙
000751,锌业股份
600125,铁龙物流
600559,老白干酒
002320,海峡股份
601899,紫金矿业
003006,百亚股份
000909,ST数源
688195,腾景科技
300655,晶瑞电材
688199,久日新材
300507,苏奥传感
605589,圣泉集团
600997,开滦股份
002443,金洲管道
600133,东湖高新
600665,天地源
300670,大烨智能
001979,招商蛇口
000030,富奥股份
301201,诚达药业
601015,陕西黑猫
603288,海天味业
600433,冠豪高新
002090,金智科技
000707,双环科技
002800,天顺股份
603289,泰瑞机器
002674,兴业科技
001283,豪鹏科技
605566,福莱蒽特
000816,智慧农业
601985,中国核电
301469,恒达新材
600377,宁沪高速
000560,我爱我家
605577,龙版传媒
300882,万胜智能
300929,华骐环保
301133,金钟股份
300705,九典制药
000553,安道麦A
002029,七 匹 狼
600261,阳光照明
300190,维尔利
601228,广州港
600094,大名城
301613,新铝时代
002583,海能达
002542,中化岩土
000958,电投产融
600423,柳化股份
600406,国电南瑞
601567,三星医疗
002451,摩恩电气
600693,东百集团
300732,设研院
002381,双箭股份
605178,时空科技
002266,浙富控股
002329,皇氏集团
002507,涪陵榨菜
600196,复星医药
003038,鑫铂股份
002895,川恒股份
300487,蓝晓科技
002498,汉缆股份
600348,华阳股份
603496,恒为科技
300443,金雷股份
300130,新国都
301319,唯特偶
600789,鲁抗医药
301507,民生健康
300420,五洋自控
300444,双杰电气
688205,德科立
600099,林海股份
000731,四川美丰
600153,建发股份
301382,蜂助手
300856,科思股份
830946,森萱医药
600479,千金药业
688321,微芯生物
603511,爱慕股份
000785,居然智家
600308,华泰股份
001216,华瓷股份
600280,中央商场
688268,华特气体
002669,康达新材
000036,华联控股
688376,美埃科技
600107,ST尔雅
301560,众捷汽车
603808,歌力思
603687,大胜达
603617,君禾股份
000715,中兴商业
603658,安图生物
002367,康力电梯
600515,海南机场
002123,梦网科技
836263,中航泰达
000825,太钢不锈
603530,神马电力
000830,鲁西化工
002343,慈文传媒
601607,上海医药
002304,洋河股份
000903,云内动力
605358,立昂微
601599,浙文影业
688571,杭华股份
600683,京投发展
600895,张江高科
600508,上海能源
300146,汤臣倍健
002399,海普瑞
603688,石英股份
301526,国际复材
000652,泰达股份
605580,恒盛能源
002677,浙江美大
000790,华神科技
605007,五洲特纸
603130,云中马
600635,大众公用
300538,同益股份
603036,如通股份
000708,中信特钢
836433,大唐药业
301070,开勒股份
000605,渤海股份
002548,金新农
000607,华媒控股
600268,国电南自
300759,康龙化成
603568,伟明环保
300317,珈伟新能
600563,法拉电子
603587,地素时尚
688310,迈得医疗
300260,新莱应材
002864,盘龙药业
605296,神农集团
002327,富安娜
600610,中毅达
300533,冰川网络
300434,金石亚药
603188,亚邦股份
688581,安杰思
603090,宏盛股份
300453,三鑫医疗
603877,太平鸟
688335,复洁环保
300194,福安药业
000551,创元科技
002142,宁波银行
300550,和仁科技
831834,三维股份
600075,新疆天业
301103,何氏眼科
000676,智度股份
603696,安记食品
600629,华建集团
603153,上海建科
603056,德邦股份
600649,城投控股
300343,ST联创
600966,博汇纸业
600824,益民集团
000573,粤宏远Ａ
000025,特  力Ａ
300957,贝泰妮
600282,南钢股份
002493,荣盛石化
600572,康恩贝
600386,北巴传媒
003005,竞业达
600063,皖维高新
002625,光启技术
300774,倍杰特
603711,香飘飘
000591,太阳能
600007,中国国贸
002672,东江环保
603739,蔚蓝生物
600250,南京商旅
002678,珠江钢琴
600168,武汉控股
300332,天壕能源
600215,派斯林
002930,宏川智慧
002293,罗莱生活
000812,陕西金叶
002224,三 力 士
002408,齐翔腾达
300668,杰恩设计
605100,华丰股份
600963,岳阳林纸
300926,博俊科技
002937,兴瑞科技
002549,凯美特气
000012,南  玻Ａ
600287,ST舜天
300786,国林科技
600327,大东方
603393,新天然气
603322,超讯通信
688349,三一重能
603176,汇通集团
688592,司南导航
601208,东材科技
002098,浔兴股份
000665,湖北广电
600925,苏能股份
600882,妙可蓝多
002206,海 利 得
300172,中电环保
837023,芭薇股份
000950,重药控股
603103,横店影视
000895,双汇发展
600165,ST宁科
300650,太龙股份
300770,新媒股份
300731,科创新源
870299,灿能电力
600199,金种子酒
002546,新联电子
603882,金域医学
600713,南京医药
688478,晶升股份
600919,江苏银行
000557,西部创业
002893,京能热力
603051,鹿山新材
301059,金三江
001339,智微智能
600470,六国化工
600639,浦东金桥
601528,瑞丰银行
603729,龙韵股份
002840,华统股份
000677,恒天海龙
300771,智莱科技
002478,常宝股份
600420,国药现代
002991,甘源食品
002712,思美传媒
600917,重庆燃气
600817,宇通重工
601222,林洋能源
002032,苏 泊 尔
601288,农业银行
000568,泸州老窖
000570,苏常柴Ａ
600655,豫园股份
688607,康众医疗
002825,纳尔股份
688288,鸿泉物联
600028,中国石化
600749,西藏旅游
600711,ST盛屯
603682,锦和商管
002165,红 宝 丽
300371,汇中股份
002391,长青股份
600292,远达环保
600388,龙净环保
000619,海螺新材
002291,遥望科技
301022,海泰科
000626,远大控股
000978,桂林旅游
001260,坤泰股份
688355,明志科技
300575,中旗股份
601816,京沪高铁
603967,中创物流
002746,仙坛股份
000703,恒逸石化
002570,贝因美
300817,双飞集团
300649,杭州园林
301027,华蓝集团
300049,福瑞股份
300452,山河药辅
000719,中原传媒
002999,天禾股份
300692,中环环保
600132,重庆啤酒
300666,江丰电子
601965,中国汽研
603180,金牌家居
601949,中国出版
001376,百通能源
002169,智光电气
002054,德美化工
600851,海欣股份
688101,三达膜
835305,*ST云创
000968,蓝焰控股
600123,兰花科创
600186,莲花控股
000042,中洲控股
688372,伟测科技
603777,来伊份
300357,我武生物
300653,正海生物
300892,品渥食品
688389,普门科技
003040,楚天龙
600081,东风科技
301115,联检科技
603718,海利生物
603779,威龙股份
001333,光华股份
301622,英思特
603151,邦基科技
000007,全新好
002040,南 京 港
603987,康德莱
300931,通用电梯
601330,绿色动力
002078,太阳纸业
601101,昊华能源
688030,山石网科
688139,海尔生物
000990,诚志股份
603229,奥翔药业
002887,绿茵生态
688576,西山科技
002602,ST华通
301618,长联科技
301197,工大科雅
833429,康比特
603321,梅轮电梯
600727,鲁北化工
600323,瀚蓝环境
002788,鹭燕医药
688317,之江生物
000544,中原环保
000537,中绿电
603982,泉峰汽车
601666,平煤股份
600834,申通地铁
605158,华达新材
603217,元利科技
001205,盛航股份
002278,神开股份
605299,舒华体育
301181,标榜股份
002787,华源控股
002783,凯龙股份
002234,民和股份
002767,先锋电子
002539,云图控股
603256,宏和科技
002174,游族网络
300689,澄天伟业
600706,曲江文旅
839729,永顺生物
600600,青岛啤酒
600160,巨化股份
002646,天佑德酒
002778,中晟高科
301047,义翘神州
603098,森特股份
301232,飞沃科技
600673,东阳光
002186,全 聚 德
000155,川能动力
301336,趣睡科技
300196,长海股份
002296,辉煌科技
605555,德昌股份
603136,天目湖
300986,志特新材
832786,骑士乳业
601083,锦江航运
831726,朱老六
000001,平安银行
688347,华虹公司
600188,兖矿能源
600298,安琪酵母
001367,海森药业
839273,一致魔芋
300849,锦盛新材
600668,尖峰集团
601579,会稽山
600272,开开实业
688171,纬德信息
301167,建研设计
603829,洛凯股份
000985,大庆华科
001326,联域股份
300717,华信新材
300741,华宝股份
301287,康力源
688393,安必平
688167,炬光科技
600861,北京人力
603029,天鹅股份
002932,明德生物
300773,拉卡拉
301063,海锅股份
300294,博雅生物
001259,利仁科技
688138,清溢光电
600486,扬农化工
601877,正泰电器
603260,合盛硅业
603268,*ST松发
605318,法狮龙
301272,英华特
301421,波长光电
000538,云南白药
603737,三棵树
000723,美锦能源
301077,星华新材
688031,星环科技-U
603607,京华激光
603317,天味食品
300401,花园生物
300070,碧水源
603551,奥普科技
301025,读客文化
000875,吉电股份
000877,天山股份
000882,华联股份
603336,宏辉果蔬
000883,湖北能源
603381,永臻股份
000860,顺鑫农业
603439,贵州三力
603126,中材节能
603159,上海亚虹
603183,建研院
603177,德创环保
300128,锦富技术
603677,奇精机械
300110,华仁药业
300300,ST峡创
300955,嘉亨家化
300940,南极光
603719,良品铺子
300259,新天科技
300261,雅本化学
000593,德龙汇能
603499,翔港科技
301019,宁波色母
301108,洁雅股份
000898,鞍钢股份
000890,法尔胜
000610,西安旅游
603778,国晟科技
688359,三孚新科
000031,大悦城
688621,阳光诺和
603839,安正时尚
300268,*ST佳沃
300247,融捷健康
605033,美邦股份
000503,国新健康
000488,ST晨鸣
603959,ST百利
000545,金浦钛业
601921,浙版传媒
601918,新集能源
601916,浙商银行
601898,中煤能源
002027,分众传媒
002030,达安基因
002019,亿帆医药
300032,金龙机电
002005,ST德豪
300030,阳普医疗
601992,金隅集团
002011,盾安环境
002817,黄山胶囊
603043,广州酒家
603012,创力集团
603017,中衡设计
300066,三川智慧
301175,中科环保
001230,劲旅环境
001296,长江材料
603077,和邦生物
001225,和泰机电
300423,昇辉科技
300441,鲍斯股份
000928,中钢国际
603279,景津装备
300091,金通灵
000959,首钢股份
688280,精进电动-UW
601568,北元集团
601801,皖新传媒
002033,丽江股份
301429,森泰股份
600873,梅花生物
600871,石化油服
600867,通化东宝
601008,连云港
600908,无锡银行
601005,重庆钢铁
600881,亚泰集团
300016,北陆药业
002191,劲嘉股份
600847,万里股份
600854,春兰股份
002181,粤 传 媒
003816,中国广核
300005,探路者
301330,熵基科技
600794,保税科技
601169,北京银行
601229,上海银行
002103,广博股份
601098,中南传媒
601113,华鼎股份
601096,宏盛华源
300026,红日药业
601016,节能风电
601577,长沙银行
002080,中材科技
601339,百隆东方
601216,君正集团
601818,光大银行
601588,北辰实业
601860,紫金银行
300715,凯伦股份
600662,外服控股
600653,申华控股
600716,凤凰股份
300651,金陵体育
600738,丽尚国潮
600746,江苏索普
002275,桂林三金
600748,上实发展
301509,金凯生科
002247,聚力文化
600730,中国高科
600805,悦达投资
002219,新里程
002228,合兴包装
002323,雅博股份
600008,首创环保
002688,金河生物
600533,栖霞建设
600518,康美药业
688484,南芯科技
600526,菲达环保
002322,理工能科
688505,复旦张江
002363,隆基机械
600568,ST中珠
600569,安阳钢铁
002370,亚太药业
002375,亚厦股份
002333,罗普斯金
600582,天地科技
002357,富临运业
600325,华发股份
600322,津投城开
600307,酒钢宏兴
600365,ST通葡
002470,金正大
600379,宝光股份
002445,中南文化
002442,龙星科技
600395,盘江股份
600475,华光环能
600279,重庆港
600273,嘉化能源
002513,蓝丰生化
002491,通鼎互联
002969,嘉美包装
002494,华斯股份
600239,云南城投
600231,凌钢股份
600229,城市传媒
600266,城建发展
600284,浦东建设
300828,锐新科技
600217,中再资环
600195,中牧股份
002613,北玻股份
600156,华升股份
300839,博汇股份
600097,开创国际
600078,澄星股份
002641,公元股份
605122,四方新材
300158,振东制药
600900,长江电力
688050,爱博医疗
605319,无锡振华
688267,中触媒
603281,江瀚新材
600754,锦江酒店
600694,大商股份
688662,富信科技
688426,康为世纪
688185,康希诺
002983,芯瑞达
301528,多浦乐
300069,金利华电
603368,柳药集团
301105,鸿铭股份
688309,恒誉环保
688371,菲沃泰
832089,禾昌聚合
002917,金奥博
001387,雪祺电气
600539,狮头股份
603690,至纯科技
839371,欧福蛋业
688597,煜邦电力
300702,天宇股份
605266,健之佳
002911,佛燃能源
003023,彩虹集团
600661,昂立教育
600983,惠而浦
000779,甘咨询
000876,新 希 望
603299,苏盐井神
600995,南网储能
603896,寿仙谷
600846,同济科技
605116,奥锐特
600352,浙江龙盛
600848,上海临港
002873,新天药业
603123,翠微股份
688213,思特威-W
301265,华新环保
600066,宇通客车
301359,东南电子
301096,百诚医药
600702,舍得酒业
603811,诚意药业
605338,巴比食品
301305,朗坤科技
600158,中体产业
000582,北部湾港
603730,岱美股份
000685,中山公用
603609,禾丰股份
002458,益生股份
603357,设计总院
301098,金埔园林
600838,上海九百
000705,浙江震元
603195,公牛集团
600814,杭州解百
002832,比音勒芬
002561,徐家汇
600356,恒丰纸业
300886,华业香料
601728,中国电信
002159,三特索道
688585,上纬新材
002774,快意电梯
688660,电气风电
605136,丽人丽妆
600177,雅戈尔
688041,海光信息
688026,洁特生物
001201,东瑞股份
600721,百花医药
000617,中油资本
600051,宁波联合
601007,金陵饭店
002785,万里石
002763,汇洁股份
688091,上海谊众
601398,工商银行
600955,维远股份
688076,诺泰生物
000061,农 产 品
603230,内蒙新华
603378,亚士创能
000603,盛达资源
002208,合肥城建
002996,顺博合金
603685,晨丰科技
300149,睿智医药
603385,惠达卫浴
605388,均瑶健康
603999,读者传媒
600062,华润双鹤
600351,亚宝药业
603391,力聚热能
300318,博晖创新
000788,北大医药
002550,千红制药
601997,贵阳银行
688004,博汇科技
002557,洽洽食品
301215,中汽股份
300121,阳谷华泰
000663,永安林业
000822,山东海化
002016,世荣兆业
605377,华旺科技
002197,ST证通
688013,天臣医疗
600493,凤竹纺织
600529,山东药玻
000930,中粮科技
600821,金开新能
003027,同兴科技
301116,益客食品
300106,西部牧业
000650,仁和药业
301053,远信工业
600346,恒力石化
002042,华孚时尚
600023,浙能电力
601658,邮储银行
002107,沃华医药
600536,中国软件
600202,哈空调
600380,健康元
600397,安源煤业
002059,云南旅游
002802,洪汇新材
688108,赛诺医疗
605336,帅丰电器
688368,晶丰明源
002360,同德化工
600257,大湖股份
603329,上海雅仕
000526,学大教育
600511,国药股份
600113,浙江东日
002567,唐人神
300700,岱勒新材
600452,涪陵电力
002659,凯文教育
600502,安徽建工
000651,格力电器
300289,利德曼
000401,冀东水泥
300234,开尔新材
300528,幸福蓝海
002476,宝莫股份
300999,金龙鱼
000423,东阿阿胶
002910,庄园牧场
002946,新乳业
688198,佰仁医疗
300740,水羊股份
600085,同仁堂
600096,云天化
605189,富春染织
300791,仙乐健康
830964,润农节水
000995,皇台酒业
001218,丽臣实业
600905,三峡能源
300743,天地数码
002001,新 和 成
600358,ST联合
300422,博世科
600329,达仁堂
002007,华兰生物
601065,江盐集团
002395,双象股份
600016,民生银行
002243,力合科创
600916,中国黄金
601888,中国中免
600073,光明肉业
002806,华锋股份
300958,建工修复
300690,双一科技
603858,步长制药
600697,欧亚集团
600782,新钢股份
000893,亚钾国际
600551,时代出版
600941,中国移动
603517,绝味食品
002106,莱宝高科
688692,达梦数据
603569,长久物流
600305,恒顺醋业
600436,片仔癀
603325,博隆技术
601619,嘉泽新能
002069,獐子岛
603599,广信股份
603023,*ST威帝
600936,广西广电
600011,华能国际
600033,福建高速
600381,*ST春天
601998,中信银行
001211,双枪科技
600191,华资实业
002573,清新环境
300263,隆华科技
600241,时代万恒
600300,维维股份
002468,申通快递
603725,天安新材
002303,美盈森
300329,海伦钢琴
603810,丰山集团
002349,精华制药
002060,广东建工
605179,一鸣食品
603886,元祖股份
605255,天普股份
600403,大有能源
603939,益丰药房
002198,嘉应制药
300006,莱美药业
600019,宝钢股份
300800,力合科技
600137,浪莎股份
300191,潜能恒信
000809,和展能源
300279,和晶科技
000702,正虹科技
000068,华控赛格
000920,沃顿科技
000919,金陵药业
601999,出版传媒
002100,天康生物
603998,方盛制药
603139,康惠制药
000906,浙商中拓
300567,精测电子
300347,泰格医药
300255,常山药业
600682,南京新百
600422,昆药集团
002880,卫光生物
688657,浩辰软件
688596,正帆科技
600737,中粮糖业
000721,西安饮食
301188,力诺药包
600812,华北制药
600598,北大荒
001286,陕西能源
002485,ST雪发
688184,ST帕瓦
000735,罗 牛 山
002592,ST八菱
002652,扬子新材
833914,远航精密
603096,新经典
002207,准油股份
000639,西王食品
601121,宝地矿业
000153,丰原药业
605366,宏柏新材
688010,福光股份
603285,键邦股份
601988,中国银行
600688,上海石化
300500,启迪设计
688683,莱尔科技
603866,桃李面包
600901,江苏金租
603919,金徽酒
601518,吉林高速
603606,东方电缆
300321,同大股份
601827,三峰环境
603020,爱普股份
002238,天威视讯
002752,昇兴股份
603231,索宝蛋白
688622,禾信仪器
603365,水星家纺
301177,迪阿股份
688191,智洋创新
601009,南京银行
603759,海天股份
000419,通程控股
601778,晶科科技
600617,国新能源
002966,苏州银行
001231,农心科技
600858,银座股份
688157,松井股份
002732,燕塘乳业
002821,凯莱英
603968,醋化股份
603838,*ST四通
603100,川仪股份
605368,蓝天燃气
002481,双塔食品
603061,金海通
836942,恒立钻具
003041,真爱美家
002982,湘佳股份
002545,东方铁塔
600234,*ST科新
603182,嘉华股份
301258,富士莱
603071,物产环能
002314,南山控股
688350,富淼科技
603218,日月股份
300426,华智数媒
600252,中恒集团
300187,永清环保
603272,联翔股份
600080,金花股份
301518,长华化学
002612,朗姿股份
688697,纽威数控
688690,纳微科技
300454,深信服
002948,青岛银行
300807,天迈科技
002968,新大正
600382,广东明珠
002437,誉衡药业
000506,*ST中润
600376,首开股份
601077,渝农商行
002121,科陆电子
873833,美心翼申
301529,福赛科技
300796,贝斯美
688639,华恒生物
603042,华脉科技
603948,建业股份
002187,广百股份
603903,中持股份
600467,好当家
300534,陇神戎发
000501,武商集团
002088,鲁阳节能
002321,华英农业
001227,兰州银行
600779,水井坊
600719,大连热电
600021,上海电力
603351,威尔药业
600512,腾达建设
605003,众望布艺
301129,瑞纳智能
600211,西藏药业
002572,索菲亚
601006,大秦铁路
000513,丽珠集团
002656,*ST摩登
000709,河钢股份
600310,广西能源
002066,瑞泰科技
300970,华绿生物
603567,珍宝岛
000539,粤电力Ａ
002714,牧原股份
000718,苏宁环球
300583,赛托生物
601225,陕西煤业
300497,富祥药业
000759,中百集团
600613,神奇制药
002385,大北农
603722,阿科力
605006,山东玻纤
002575,群兴玩具
600052,东望时代
603235,天新药业
603073,彩蝶实业
001336,楚环科技
002989,中天精装
600875,东方电气
300519,新光药业
600136,ST明诚
002004,华邦健康
300858,科拓生物
002203,海亮股份
000900,现代投资
605123,派克新材
688550,瑞联新材
002923,润都股份
300281,金明精机
002075,沙钢股份
600561,江西长运
603538,美诺华
688105,诺唯赞
603387,基蛋生物
603515,欧普照明
688363,华熙生物
600826,兰生股份
603053,成都燃气
600874,创业环保
001914,招商积余
688702,盛科通信-U
601928,凤凰传媒
688313,仕佳光子
603505,金石资源
688515,裕太微-U
300761,立华股份
300301,*ST长方
002412,汉森制药
600285,羚锐制药
601900,南方传媒
000543,皖能电力
605011,杭州热电
603116,红蜻蜓
600979,广安爱众
600233,圆通速递
603089,正裕工业
002482,广田集团
002269,美邦服饰
301362,民爆光电
002696,百洋股份
688019,安集科技
002820,桂发祥
600039,四川路桥
002014,永新股份
601218,吉鑫科技
000698,沈阳化工
000711,*ST京蓝
600928,西安银行
300379,*ST东通
000598,兴蓉环境
000892,欢瑞世纪
000999,华润三九
002716,湖南白银
002229,鸿博股份
002822,ST中装
839792,东和新材
600684,珠江股份
600222,太龙药业
601838,成都银行
000633,合金投资
600336,澳柯玛
688129,东来技术
603168,莎普爱思
600819,耀皮玻璃
600267,海正药业
300915,海融科技
003042,中农联合
870866,绿亨科技
002627,三峡旅游
688088,虹软科技
300758,七彩化学
600116,三峡水利
600608,*ST沪科
603822,嘉澳环保
000998,隆平高科
000597,东北制药
689009,九号公司-WD
688502,茂莱光学
688222,成都先导
002858,力盛体育
000752,ST西发
430478,峆一药业
001289,龙源电力
000019,深粮控股
300945,曼卡龙
605339,南侨食品
600612,老凤祥
002372,伟星新材
688455,科捷智能
600162,香江控股
301257,普蕊斯
002350,北京科锐
000407,胜利股份
600104,上汽集团
000931,中 关 村
000908,*ST景峰
002216,三全食品
603477,巨星农牧
000912,泸天化
600982,宁波能源
002038,双鹭药业
600025,华能水电
688114,华大智造
001338,永顺泰
300385,雪浪环境
000027,深圳能源
000017,深中华A
600496,精工钢构
300021,大禹节水
000716,黑芝麻
001323,慕思股份
836547,无锡晶海
603199,九华旅游
002072,凯瑞德
603358,华达科技
002295,精艺股份
600792,云煤能源
002637,赞宇科技
603117,万林物流
603819,神力股份
600419,天润乳业
688373,盟科药业-U
000014,沙河股份
300751,迈为股份
002644,佛慈制药
603369,今世缘
301138,华研精机
301525,儒竞科技
300824,北鼎股份
002726,龙大美食
002758,浙农股份
600333,长春燃气
000421,南京公用
600865,百大集团
600032,浙江新能
430685,新芝生物
688519,南亚新材
600808,马钢股份
000408,藏格矿业
603377,ST东时
688565,力源科技
600368,五洲交通
603367,辰欣药业
600235,民丰特纸
300850,新强联
002687,乔治白
600868,梅雁吉祥
688265,南模生物
601512,中新集团
605098,行动教育
002589,瑞康医药
300267,尔康制药
002441,众业达
600829,人民同泰
603639,海利尔
001366,播恩集团
002679,福建金森
300105,龙源技术
605089,味知香
601187,厦门银行
600302,标准股份
688233,神工股份
000417,合百集团
688188,柏楚电子
002133,广宇集团
600538,国发股份
601595,上海电影
688111,金山办公
002639,雪人股份
002392,北京利尔
603533,掌阅科技
300338,*ST开元
002102,能特科技
301155,海力风电
600729,重庆百货
000011,深物业A
688520,神州细胞
002157,正邦科技
301227,森鹰窗业
002702,海欣食品
601088,中国神华
300125,*ST聆达
600488,津药药业
002595,豪迈科技
300605,恒锋信息
688247,宣泰医药
002556,辉隆股份
002039,黔源电力
000869,张  裕Ａ
688046,药康生物
002721,ST金一
600269,赣粤高速
603755,日辰股份
600863,内蒙华电
603708,家家悦
301065,本立科技
301212,联盛化学
600638,新黄浦
600084,中信尼雅
600491,龙元建设
002424,ST百灵
600022,山东钢铁
600000,浦发银行
603080,新疆火炬
603536,惠发食品
002383,合众思壮
300501,海顺新材
601939,建设银行
300152,ST新动力
603823,百合花
605138,盛泰集团
688197,首药控股-U
603787,新日股份
002495,佳隆股份
300967,晓鸣股份
000915,华特达因
603059,倍加洁
430017,星昊医药
001234,泰慕士
600101,明星电力
605300,佳禾食品
600750,江中药业
000885,城发环境
600236,桂冠电力
000531,穗恒运Ａ
601952,苏垦农发
600674,川投能源
002847,盐津铺子
000786,北新建材
001313,粤海饲料
000534,万泽股份
000637,茂化实华
000672,上峰水泥
301062,上海艾录
301337,亚华电子
002299,圣农发展
301371,敷尔佳
301043,绿岛风
600483,福能股份
002566,益盛药业
001318,阳光乳业
002270,华明装备
605567,春雪食品
001258,立新能源
600886,国投电力
600540,新赛股份
600149,廊坊发展
600692,亚通股份
603983,丸美生物
603817,海峡环保
300901,中胤时尚
603757,大元泵业
000851,*ST高鸿
000692,惠天热电
000514,渝 开 发
600232,金鹰股份
600795,国电电力
002695,煌上煌
301486,致尚科技
920029,开发科技
600359,新农开发
600429,三元股份
603069,海汽集团
688065,凯赛生物
002940,昂利康
002511,中顺洁柔
688600,皖仪科技
601777,千里科技
688370,丛麟科技
301028,东亚机械
002109,兴化股份
688190,云路股份
603333,尚纬股份
300679,电连技术
300600,ST瑞科
002819,东方中科
002235,安妮股份
688799,华纳药厂
300398,飞凯材料
603379,三美股份
000789,万年青
301608,博实结
600012,皖通高速
002793,罗欣药业
600802,福建水泥
300055,万邦达
688351,微电生理
002871,伟隆股份
300381,溢多利
600725,云维股份
000554,泰山石油
601089,福元医药
600708,光明地产
688056,莱伯泰科
605500,森林包装
300498,温氏股份
600965,福成股份
002371,北方华创
300469,信息发展
600543,莫高股份
603087,甘李药业
603163,圣晖集成
301511,德福科技
300022,吉峰科技
600785,新华百货
688180,君实生物-U
002538,司尔特
600961,株冶集团
832735,德源药业
600059,古越龙山
300175,ST朗源
301203,国泰环保
300483,首华燃气
300531,优博讯
600857,宁波中百
000529,广弘控股
002394,联发股份
002537,海联金汇
600780,通宝能源
600585,海螺水泥
300111,向日葵
300039,上海凯宝
300888,稳健医疗
688501,青达环保
600630,龙头股份
600079,人福医药
601686,友发集团
000761,本钢板材
002461,珠江啤酒
603067,振华股份
600226,亨通股份
430476,海能技术
002480,新筑股份
605008,长鸿高科
600535,天士力
002082,万邦德
832145,恒合股份
300167,*ST迪威
601107,四川成渝
000899,赣能股份
603076,乐惠国际
600853,龙建股份
002574,明牌珠宝
600883,博闻科技
002251,步步高
688578,艾力斯
600566,济川药业
688319,欧林生物
600163,中闽能源
600223,福瑞达
002237,恒邦股份
002951,*ST金时
600594,益佰制药
300185,通裕重工
600987,航民股份
600678,四川金顶
601811,新华文轩
600800,渤海化学
600035,楚天高速
001256,炜冈科技
600758,辽宁能源
600060,海信视像
003012,东鹏控股
000679,大连友谊
603359,东珠生态
603127,昭衍新药
603899,晨光股份
300335,迪森股份
002330,得利斯
688095,福昕软件
000525,ST红太阳
600262,北方股份
002479,富春环保
603101,汇嘉时代
300240,飞力达
688072,拓荆科技
300877,金春股份
001219,青岛食品
002262,恩华药业
300492,华图山鼎
603922,金鸿顺
603637,镇海股份
600774,汉商集团
600833,第一医药
603079,圣达生物
603676,卫信康
603797,联泰环保
603102,百合股份
300029,*ST天龙
300972,万辰集团
600251,冠农股份
002352,顺丰控股
001299,美能能源
600350,山东高速
002647,*ST仁东
605599,菜百股份
603776,永安行
002700,新疆浩源
688206,概伦电子
600993,马应龙
300391,*ST长药
603766,隆鑫通用
300344,ST立方
603156,养元饮品
603167,渤海轮渡
300536,*ST农尚
688665,四方光电
301055,张小泉
002318,久立特材
300577,开润股份
002053,云南能投
000510,新金路
002393,力生制药
002317,众生药业
002633,申科股份
300990,同飞股份
600249,两面针
301093,华兰股份
000428,华天酒店
000803,山高环能
600926,杭州银行
603170,宝立食品
002378,章源钨业
300662,科锐国际
002727,一心堂
002955,鸿合科技
600769,祥龙电业
603938,三孚股份
600127,金健米业
000037,深南电A
605162,新中港
002867,周大生
300472,*ST新元
000016,深康佳Ａ
920106,林泰新材
002658,雪迪龙
002718,友邦吊顶
688200,华峰测控
301393,昊帆生物
000722,湖南发展
002782,可立克
601956,东贝集团
002581,未名医药
000661,长春高新
002462,嘉事堂
603223,恒通股份
300723,一品红
002377,国创高新
000755,山西高速
603022,新通联
002772,众兴菌业
002748,ST世龙
688737,中自科技
002967,广电计量
600489,中金黄金
600185,珠免集团
603966,法兰泰克
001210,金房能源
688536,思瑞浦
838810,春光智能
000862,银星能源
688314,康拓医疗
688696,极米科技
002629,仁智股份
301285,鸿日达
000856,冀东装备
600681,百川能源
000910,大亚圣象
688301,奕瑞科技
000889,ST中嘉
603458,勘设股份
300257,开山股份
300449,汉邦高科
600988,赤峰黄金
000911,广农糖业
603057,紫燕食品
301206,三元生物
002749,国光股份
603529,爱玛科技
300233,金城医药
300485,赛升药业
601515,东峰集团
603173,福斯达
002734,利民股份
000601,韶能股份
000029,深深房Ａ
002958,青农商行
603608,天创时尚
002158,汉钟精机
601825,沪农商行
000523,红棉股份
600581,八一钢铁
002616,长青集团
002653,海思科
605180,华生科技
002915,中欣氟材
600490,鹏欣资源
002086,东方海洋
600082,海泰发展
603216,梦天家居
603062,麦加芯彩
000697,ST炼石
301392,汇成真空
603237,五芳斋
603950,长源东谷
002020,京新药业
002397,梦洁股份
301066,万事利
603813,*ST原尚
688168,安博通
301273,瑞晨环保
000690,宝新能源
600371,万向德农
300436,广生堂
688513,苑东生物
301269,华大九天
000729,燕京啤酒
300867,圣元环保
600246,万通发展
002568,百润股份
300137,ST先河
000850,华茂股份
688196,卓越新能
688366,昊海生科
002041,登海种业
002155,湖南黄金
688131,皓元医药
688500,慧辰股份
600744,华银电力
688293,奥浦迈
000505,京粮控股
603257,中国瑞林
301270,汉仪股份
600020,中原高速
002626,金达威
002311,海大集团
688679,通源环境
002795,永和智控
000429,粤高速Ａ
000713,丰乐种业
300854,中兰环保
605009,豪悦护理
688181,八亿时空
000600,建投能源
000659,珠海中富
002043,兔 宝 宝
300132,青松股份
601991,大唐发电
600757,长江传媒
600313,农发种业
601188,龙江交通
603898,好莱客
002596,海南瑞泽
600671,ST目药
603900,莱绅通灵
688257,新锐股份
605081,*ST太和
688048,长光华芯
001896,豫能控股
002836,新宏泽
002868,*ST绿康
002743,富煌钢构
688658,悦康药业
002907,华森制药
300898,熊猫乳品
002731,萃华珠宝
600724,宁波富达
605077,华康股份
600604,市北高新
600108,亚盛集团
688106,金宏气体
688331,荣昌生物
002901,大博医疗
002666,德联集团
300511,雪榕生物
603630,拉芳家化
600578,京能电力
873527,夜光明
600354,敦煌种业
300087,荃银高科
605028,世茂能源
000793,ST华闻
301229,纽泰格
000590,启迪药业
300962,中金辐照
002597,金禾实业
600642,申能股份
300054,鼎龙股份
000791,甘肃能源
688361,中科飞测
002338,奥普光电
000848,承德露露
000564,供销大集
000566,海南海药
603879,永悦科技
603001,奥康国际
300138,晨光生物
300910,瑞丰新材
001328,登康口腔
688141,杰华特
600289,*ST信通
002431,棕榈股份
002956,西麦食品
603086,先达股份
300558,贝达药业
600067,冠城新材
002422,科伦药业
688553,汇宇制药-W
688177,百奥泰
300189,神农种业
002163,海南发展
300573,兴齐眼药
600573,惠泉啤酒
300493,润欣科技
002943,宇晶股份
688633,星球石墨
688176,亚虹医药-U
603344,星德胜
688488,艾迪药业
430047,诺思兰德
000975,山金国际
600605,汇通能源
000993,闽东电力
002124,天邦食品
301231,荣信文化
301317,鑫磊股份
600844,丹化科技
688428,诺诚健华-U
688136,科兴制药
000953,河化股份
002661,克明食品
688617,惠泰医疗
000963,华东医药
000965,天保基建
831087,秋乐种业
002830,名雕股份
600962,国投中鲁
603326,我乐家居
301220,亚香股份
600547,山东黄金
002842,翔鹭钨业
300804,广康生化
002272,川润股份
300749,顶固集创
603038,华立股份
001337,四川黄金
002973,侨银股份
837403,康农种业
002818,富森美
300765,新诺威
300139,晓程科技
600510,黑牡丹
003001,中岩大地
688166,博瑞医药
002799,环球印务
688256,寒武纪-U
002773,康弘药业
000767,晋控电力
600463,空港股份
688603,天承科技
601908,京运通
600315,上海家化
600726,华电能源
601069,西部黄金
300040,九洲集团
605499,东鹏饮料
300818,耐普矿机
603590,康辰药业
600276,恒瑞医药
688052,纳芯微
301088,戎美股份
002755,奥赛康
688336,三生国健
002022,科华生物
000955,欣龙控股
688443,智翔金泰-U
002691,冀凯股份
688047,龙芯中科
002345,潮宏基
001331,胜通能源
688656,浩欧博
603815,交建股份
002490,山东墨龙
688302,海创药业-U
300844,山水比德
300241,瑞丰光电
605060,联德股份
605016,百龙创园
603398,*ST沐邦
001316,润贝航科
002630,ST华西
688687,凯因科技
603912,佳力图
002717,ST岭南
688382,益方生物-U
600828,茂业商业
603030,全筑股份
600190,*ST锦港
688068,热景生物
002675,东诚药业
688179,阿拉丁
002294,信立泰
688506,百利天恒
002286,保龄宝
002571,德力股份
603610,麒盛科技
002963,豪尔赛
300204,舒泰神
600396,华电辽能
688192,迪哲医药-U
603331,百达精工
688266,泽璟制药-U
002853,皮阿诺
688235,百济神州-U
600793,宜宾纸业
688062,迈威生物-U
920068,天工股份
833994,翰博高新
833874,泰祥股份
832317,观典防务
688755,汉邦科技
688555,退市泽达
688086,退市紫晶
603996,退市中新
603963,*ST大药
603603,退市博天
603555,ST贵人
603157,退市拉夏
603133,退市碳元
603014,威高血净
603003,*ST龙宇
601558,退市锐电
601299,中国北车
601268,*ST二重
601258,*ST庞大
601028,玉龙股份
600991,广汽长丰
600978,*ST宜生
600899,*ST信联
600898,*ST美讯
600896,退市海医
600891,退市秋林
600890,退市中房
600878,*ST北科
600870,退市厦华
600856,退市中天
600852,*ST中川
600849,上药转换
600842,中西药业
600840,新湖创业
600837,海通证券
600836,*ST易连
600832,东方明珠
600823,*ST世茂
600813,ST鞍一工
600811,*ST东方
600806,退市昆机
600804,*ST鹏博
600799,*ST龙科
600788,*ST达曼
600786,东方锅炉
600781,退市辅仁
600777,ST新潮
600772,S*ST龙昌
600767,退市运盛
600766,退市园城
600762,S*ST金荔
600752,*ST哈慈
600747,退市大控
600723,首商股份
600709,ST生态
600705,中航产融
600701,退市工新
600700,*ST数码
600695,退市绿庭
600687,退市刚泰
600680,*ST上普
600677,*ST航通
600672,*ST华圣
600670,*ST斯达
600669,*ST鞍成
600659,*ST花雕
600656,退市博元
600652,退市游久
600647,退市同达
600646,ST国嘉
600634,退市富控
600632,华联商厦
600631,百联股份
600627,上电股份
600625,PT水仙
600614,退市鹏起
600607,上实医药
600591,*ST上航
600565,ST迪马
600555,退市海创
600553,太行水泥
600532,退市未来
600485,*ST信威
600472,包头铝业
600466,*ST蓝光
600462,*ST九有
600432,退市吉恩
600401,退市海润
600393,ST粤泰
600387,*ST海越
600385,退市金泰
600357,承德钒钛
600321,正源股份
600317,营口港
600311,*ST荣华
600306,退市商城
600297,广汇汽车
600296,S兰铝
600291,退市西水
600290,*ST华仪
600286,S*ST国瓷
600277,ST亿利
600275,退市昌鱼
600270,外运发展
600263,路桥建设
600260,*ST凯乐
600253,天方药业
600247,*ST成城
600242,退市中昌
600240,退市华业
600225,退市卓朗
600220,ST阳光
600213,*ST亚星
600209,退市罗顿
600205,S山东铝
600181,S*ST云大
600175,退市美都
600146,退市环球
600145,退市新亿
600139,*ST西源
600122,*ST宏图
600112,*ST天成
600102,莱钢股份
600093,退市易见
600092,S*ST精密
600091,退市明科
600090,退市济堂
600087,退市长油
600086,退市金钰
600083,*ST博信
600077,*ST宋都
600074,退市保千
600070,*ST富润
600069,退市银鸽
600068,葛洲坝
600065,*ST联谊
600005,武钢股份
600003,ST东北高
600002,齐鲁石化
600001,邯郸钢铁
301636,泽润新能
301595,太力科技
301316,慧博云通
301112,信邦智能
300799,左江退
300742,越博退
300526,中潜退
300495,*ST美尚
300431,暴风退
300392,腾信退
300372,欣泰退
300367,网力退
300362,天翔退
300356,光一退
300336,新文退
300330,计通退
300325,德威退
300312,邦讯退
300309,吉艾退
300297,蓝盾退
300282,三盛退
300280,紫天科技
300273,和佳退
300262,*ST巴安
300225,金力泰
300216,千山退
300209,*ST有树
300208,*ST中程
300202,聚龙退
300186,大华农
300178,腾邦退
300156,神雾退
300117,*ST嘉寓
300116,*ST保力
300108,*ST吉药
300104,乐视退
300090,盛运退
300089,文化退
300064,金刚退
300038,数知退
300028,金亚退
300023,宝德退
002781,奇信退
002776,*ST柏龙
002770,科迪退
002751,易尚退
002750,*ST龙津
002740,*ST爱迪
002711,欧浦退
002699,*ST美盛
002684,猛狮退
002680,长生退
002665,ST航高
002621,*ST美吉
002619,*ST艾格
002618,丹邦退
002610,ST爱康
002604,龙力退
002509,天茂退
002505,鹏都农牧
002504,*ST弘高
002503,*ST搜特
002502,ST鼎龙
002499,科林退
002477,雏鹰退
002473,圣莱退
002464,众应退
002450,康得退
002447,晨鑫退
002435,ST长康
002433,太安退
002417,深南退
002411,必康退
002359,北讯退
002341,ST新纶
002336,*ST人乐
002325,*ST洪涛
002308,*ST威创
002288,*ST超华
002280,ST联络
002260,德奥退
002220,天宝退
002147,新光退
002143,印纪退
002128,电投能源
002118,*ST紫鑫
002113,*ST天润
002089,新海退
002087,新纺退
002071,长城退
002070,众和退
002018,华信退
002013,中航机电
002002,ST鸿达
001390,古麒绒材
000996,中期退
000982,中银绒业
000979,中弘退
000976,*ST华铁
000971,*ST高升
000961,ST中南
000956,中原油气
000939,凯迪退
000918,*ST嘉凯
000916,华北高速
000866,扬子石化
000861,海印股份
000836,ST富通
000835,长动退
000832,*ST龙涤
000827,*ST长兴
000817,辽河油田
000806,银河退
000805,*ST炎黄
000787,*ST创智
000780,ST平能
000769,*ST大菲
000765,*ST华信
000763,锦州石化
000760,斯太退
000748,长城信息
000732,ST泰禾
000730,*ST环保
000699,S*ST佳纸
000695,滨海能源
000693,华泽退
000689,ST宏业
000687,华讯退
000675,ST银山
000673,当代退
000671,ST阳光城
000667,ST美置
000666,经纬纺机
000662,天夏退
000660,*ST南华
000658,ST海洋
000653,ST九州
000627,天茂集团
000622,*ST恒立
000621,*ST比特
000618,吉林化工
000616,*ST海投
000613,东海A退
000611,天首退
000606,顺利退
000602,金马集团
000594,国恒退
000588,PT粤金曼
000587,*ST金洲
000585,东电退
000584,*ST工智
000583,S*ST托普
000578,盐湖集团
000569,长城股份
000562,宏源证券
000556,PT南洋
000549,S湘火炬
000542,TCL通讯
000540,*ST中天
000535,*ST猴王
000527,美的电器
000522,白云山A
000515,攀渝钛业
000511,烯碳退
000508,琼民源A
000502,绿景退
000418,小天鹅A
000416,*ST民控
000413,ST旭电
000412,ST五环
000406,石油大明
000405,ST鑫光
000150,*ST宜康
000047,ST中侨
000046,*ST泛海
000040,*ST旭蓝
000038,大通退
000033,新都退
000024,招商地产
000023,*ST深天
000018,神城A退
000015,PT中浩A
000013,*ST石化A
000005,ST星源
000003,PT金田A
